<?xml version="1.0" encoding="UTF-8" standalone="yes"?>
<addon id="plugin.video.playonbrowser" name="PlayOn Browser" version="2.0.9" provider-name="Lunatixz">
    <requires>
        <import addon="xbmc.python" version="3.0.0"/>
        <import addon="script.module.six" version="1.0.0"/>
        <import addon="script.module.kodi-six" version="0.1.3.1"/>
        <import addon="script.module.simplecache" version="1.0.0"/>
        <import addon="script.module.xmltodict" version="0.9.0"/>
    </requires>
    <extension point="xbmc.python.pluginsource" library="default.py">
        <provides>video</provides>
    </extension>
    <extension point="xbmc.addon.metadata">
        <platform>all</platform>
        <reuselanguageinvoker>true</reuselanguageinvoker>
        <license>GPL-3.0-or-later</license>
        <forum>http://forum.kodi.tv/showthread.php?tid=233136</forum>
        <website>https://www.playon.tv</website>
        <source>https://github.com/Lunatixz/KODI_Addons/tree/master/plugin.video.playonbrowser</source>
        <news>>v.2.0.8[CR]- Matrix[CR]v.2.0.4[CR]- Updated Auto-IP detection[CR]v.2.0.3[CR]- Added Search function[CR]- Added Auto-IP detection[CR]-v.2.0.2[CR]- Improved UPNPID detection[CR]- URL caching improvements[CR]v.2.0.1[CR]- Fixed PlayLater playback[CR]v.2.0.0[CR]- Refactored and optimized Code.[CR]- Added PlayLater Recording via Context Menu.</news>
        <assets>
            <icon>resources/images/icon.png</icon>
            <fanart>resources/images/fanart.jpg</fanart>
            <screenshot>resources/images/screenshot01.png</screenshot>
            <screenshot>resources/images/screenshot02.png</screenshot>
            <screenshot>resources/images/screenshot03.png</screenshot>
            <screenshot>resources/images/screenshot04.png</screenshot>
        </assets>
        <summary lang="da_DK">Gennemse PlayOn fra Kodi.</summary>
        <summary lang="en_GB">Browse PlayOn from Kodi.</summary>
        <summary lang="es_MX">Explora PlayOn desde Kodi.</summary>
        <summary lang="ru_RU">Просматривайте PlayOn из Kodi.</summary>
        <description lang="da_DK">PlayOn er et streaming mediemærke og softwaresuite, der gør det muligt for brugere at se og optage videoer fra adskillige online indholdsudbydere.</description>
        <description lang="en_GB">PlayOn is a streaming media brand and software suite that enables users to view and record videos from numerous online content providers.</description>
        <description lang="es_MX">PlayOn es una compañía de transmisión de medios y una suite de software que permite a sus usuarios ver y grabar videos de numerosos proveedores de contenido en línea.</description>
        <description lang="ru_RU">PlayOn - это бренд потокового мультимедиа и программный пакет, который позволяет пользователям просматривать и записывать видео от многочисленных поставщиков онлайн контента.</description>
        <disclaimer lang="da_DK">Kræver Playon server software</disclaimer>
        <disclaimer lang="en_GB">Requires Playon Server Software</disclaimer>
        <disclaimer lang="es_MX">Requiere el software de servidor Playon</disclaimer>
        <disclaimer lang="ru_RU">Требуется серверное ПО Playon</disclaimer>
    </extension>
</addon>