<?xml version="1.0" encoding="UTF-8" standalone="yes"?>
<addon id="screensaver.system47" name="System 47 - Star Trek LCARS ScreenSaver" version="3.0.0" provider-name="Lunatixz">
    <requires>
        <import addon="xbmc.python" version="3.0.1"/>
        <import addon="script.module.six" version="1.0.0"/>
        <import addon="script.module.kodi-six" version="0.1.3.1"/>
        <import addon="script.module.beautifulsoup4" version="4.3.2"/>
        <import addon="plugin.video.youtube" version="5.3.10" optional="true"/>
        <import addon="plugin.video.tubed" version="5.3.10" optional="true"/>
    </requires>
    <extension point="xbmc.ui.screensaver" library="default.py"/>
    <extension point="xbmc.python.script"  library="default.py"/>
    <extension point="xbmc.addon.metadata">
        <license>GNU GENERAL PUBLIC LICENSE. Version 3, June 2007</license>
        <platform>all</platform>
        <website>http://www.mewho.com/system47/</website>
        <forum>https://forum.kodi.tv/showthread.php?tid=323285</forum>
        <source>https://github.com/Lunatixz/Kodi_Addons/tree/master/screensaver.system47</source>
        <news>v.3.0 added random video cycling and holiday bonuses (11-23 Dr. Who, 12-25 X-Mas).[CR]v.2.5 Updated for Kodi Nexus/Omega[CR]v.2.3[CR}- PY3 .[CR]v.2.2h[CR}- Added Mute sounds (Enabled by default).</news>
        <assets>
            <icon>resources/images/icon.png</icon>
            <fanart>resources/images/fanart.jpg</fanart>
            <screenshot>resources/images/screenshot01.png</screenshot>
            <screenshot>resources/images/screenshot02.png</screenshot>
            <screenshot>resources/images/screenshot03.png</screenshot>
        </assets>
        <summary lang="en_GB">System 47 - Star Trek LCARS ScreenSaver</summary>
        <summary lang="es_ES">System 47 - Salvapantallas Star Trek LCARS</summary>
        <description lang="en_GB">What is LCARS? LCARS is an acronym for Library Computer Access and Retrieval System, which is the primary computer system in the universe of Star Trek&apos;s Starfleet and Federation. On many close-up shots from the Star Trek TV shows and movies, you can actually see the word, LCARS, on some computer monitor displays. For the fans, LCARS is also often used to refer the graphical displaying interface. There&apos;s actually another name for this type of graphical displays. It&apos;s Okudagram. It is named after the inventor, Michael Okuda. Michael created it when he was the scenic art supervisor for the TV show, Star Trek: The Next Generation.</description>
        <description lang="es_ES">¿Qué es LCARS? LCARS es el acrónimo de Library Computer Access and Retrieval Syste, que es el sistema de computación primordial en el universo de la Federación y la Flota Estelar de Star Trek. En muchas escenas de las series y películas de Star Trek se puede ver la palabra, LCARS, en muchos monitores. Para los fans, LCARS tambien se usa para referirse al aspecto de la interfaz. Hay otro nombre para este aspecto, Okudagram, Se llamó así en honor a su inventor, Michael Okuda, que creó esta imageniría como supervisor de arte para la serie Star Trek: La Nueva Generación.</description>
    </extension>
</addon>
