<?xml version="1.0" encoding="UTF-8"?>
<addon id="plugin.video.hdhomerun.simple" name="HDHomerun Simple" provider-name="Lunatixz" version="1.0.9">
    <requires>
        <import addon="xbmc.python" version="3.0.0"/>
        <import addon="script.module.six" version="1.0.0"/>
        <import addon="script.module.kodi-six" version="0.1.3.1"/>
        <import addon="script.module.requests" version="2.7.0"/> 
        <import addon="script.module.pyhdhr" version="1.1.1"/>
        <import addon="script.module.simplecache" version="1.0.0"/>
        <import addon="script.module.routing" version="0.2.3"/>
        <import addon="script.module.inputstreamhelper" version="0.3.3"/>
        <import addon="service.iptv.manager" version="0.2.2" optional="true"/>
    </requires>
    <extension point="xbmc.python.pluginsource" library="default.py">
        <provides>video</provides>
    </extension>
    <extension point="xbmc.service" library="pseudotv_recommended.py"/>
    <extension point="xbmc.addon.metadata">
        <reuselanguageinvoker>true</reuselanguageinvoker>
        <platform>all</platform>
        <license>GPL-3.0-or-later</license>
        <source>https://github.com/Lunatixz/KODI_Addons/tree/master/plugin.video.hdhomerun.simple</source>
        <website>https://www.hdhomerun.com</website>
        <forum>https://forum.kodi.tv/showthread.php?tid=327117</forum>
        <news>v1.0.5[CR]- Matrix</news>
        <assets>
            <icon>resources/images/icon.png</icon>
            <fanart>resources/images/fanart.jpg</fanart>
            <screenshot>resources/images/screenshot01.jpg</screenshot>
            <screenshot>resources/images/screenshot02.jpg</screenshot>
            <screenshot>resources/images/screenshot03.jpg</screenshot>
            <screenshot>resources/images/screenshot04.jpg</screenshot>
            <screenshot>resources/images/screenshot05.jpg</screenshot>
        </assets>
        <summary lang="bs_BA">Jednostavan HDHomeRun interfejs.</summary>
        <summary lang="da_DK">Simpel HDHomeRun brugerflade.</summary>
        <summary lang="en_GB">Simple HDHomeRun Interface.</summary>
        <summary lang="es_ES">Interfaz sencilla HDHomeRun.</summary>
        <summary lang="fi_FI">Yksinkertainen HDHomeRun-käyttöliittymä.</summary>
        <summary lang="it_IT">Interfaccia semplice HDHomeRun.</summary>
        <summary lang="pt_BR">Interface HDHomeRun Simples.</summary>
        <summary lang="ru_RU">Простой интерфейс HDHomeRun.</summary>
        <summary lang="sv_SE">Enkelt HDHomeRun-gränssnitt.</summary>
        <description lang="bs_BA">Automatski pronađite sve kompatibilne HDHomeRun uređaje na vašoj mreži, jednostavno i lako HDHomeRun sučelje.</description>
        <description lang="da_DK">Find automatisk alle de kompatible HDHomeRun-enheder på dit netværk, enkel og nem HDHomeRun-brugerflade.</description>
        <description lang="en_GB">Automatically find all the compatible HDHomeRun devices on your network, Simple and Easy HDHomeRun Interface.</description>
        <description lang="es_ES">Encuentra automáticamente todos los dispositivos HDHomeRun compatibles en tu red, Interfaz HDHomeRun simple y fácil.</description>
        <description lang="fi_FI">Etsi yhteensopivat HDHomeRun-laitteet verkostasi automaattisesti. Yksinkertainen ja helppokäyttöinen HDHomeRun-käyttöliittymä.</description>
        <description lang="it_IT">Trova automaticamente tutti i dispositivi HDHomeRun compatibili sulla tua rete, interfaccia HDHomeRun semplice e facile.</description>
        <description lang="pt_BR">Encontre automaticamente todos os dispositivos HDHomeRun compatíveis em sua rede, interface HDHomeRun simples e fácil.</description>
        <description lang="sv_SE">Hitta automatiskt alla kompatibla HDHomeRun-enheter i ditt nätverk, enkelt och smidigt HDHomeRun-gränssnitt.</description>
        <disclaimer lang="bs_BA">Zahtijeva kompatibilan HDHomeRun uređaj</disclaimer>
        <disclaimer lang="da_DK">Kræver en kompatibel HDHomeRun-enhed</disclaimer>
        <disclaimer lang="en_GB">Requires a compatible HDHomeRun device</disclaimer>
        <disclaimer lang="es_ES">Se necesita un dispositivo HDHomeRun compatible</disclaimer>
        <disclaimer lang="fi_FI">Vaatii yhteensopivan HDHomeRun-laitteen</disclaimer>
        <disclaimer lang="it_IT">Richiede un dispositivo HDHomeRun compatibile</disclaimer>
        <disclaimer lang="pt_BR">Requer um dispositivo HDHomeRun compatível</disclaimer>
        <disclaimer lang="sv_SE">Kräver en kompatibel HDHomeRun-enhet</disclaimer>
    </extension>
</addon>