<?xml version="1.0" encoding="UTF-8" standalone="yes"?>
<addon id="screensaver.videosaver" name="Video ScreenSaver" version="1.1.3" provider-name="Lunatixz">
    <requires>
        <import addon="xbmc.python" version="3.0.0"/>
        <import addon="script.module.six" version="1.0.0"/>
        <import addon="script.module.kodi-six" version="0.1.3.1"/>
        <import addon="script.module.simplecache" version="1.0.0"/>
    </requires>
    <extension point="xbmc.ui.screensaver" library="default.py"/>
    <extension point="xbmc.addon.metadata">
        <license>GPL-3.0-or-later</license>
        <platform>all</platform>
        <forum>https://forum.kodi.tv/showthread.php?tid=319730</forum>
        <source>https://github.com/Lunatixz/Kodi_Addons/tree/master/screensaver.videosaver</source>
        <news>v.1.1.3[CR]- Added Dimmer</news>
        <assets>
            <icon>resources/images/icon.png</icon>
            <fanart>resources/images/fanart.jpg</fanart>
        </assets>
        <summary lang="da_DK">Opret en pauseskærm fra enhver Kodi-videokilde.</summary>
        <summary lang="en_GB">Create a screensaver from any Kodi video source.</summary>
        <summary lang="es_ES">Crea un protector de pantalla de cualquier fuente de vídeo en Kodi.</summary>
        <summary lang="zh_CN">从任意 Kodi 视频源创建屏幕保护程序。</summary>
        <description lang="da_DK">Dynamisk pauseskærm der benytter lokalt indhold, smarte playlister, plugins og UPNP-servere.</description>
        <description lang="en_GB">Dynamic screensaver using Local content, SmartPlaylists, Plugins and UPNP Servers.</description>
        <description lang="es_ES">Protector de pantalla dinámico que utiliza contenido local, listas de reproducción inteligentes, complementos y servidores UPNP.</description>
        <description lang="zh_CN">使用本地内容、智能播放列表、插件和 UPNP 服务器的动态屏幕保护程序。</description>
        <disclaimer lang="da_DK">Streamingkilder anbefales ikke til forbrugsbetalt internet.</disclaimer>
        <disclaimer lang="en_GB">Streaming sources not recommend for metered Internet.</disclaimer>
        <disclaimer lang="es_ES">Se recomienda no usar recursos en Streaming para conexiones a Internet de uso medido.</disclaimer>
        <disclaimer lang="zh_CN">流媒体源不建议通过互联网。</disclaimer>
    </extension>
</addon>
