<?xml version="1.0" encoding="UTF-8"?>
<addon id="plugin.video.comedycentral" version="1.0.2" name="Comedy Central" provider-name="Lunatixz">
    <requires>
        <import addon="xbmc.python" version="2.25.0"/>
        <import addon="script.module.simplecache" version="1.0.0"/>
        <import addon="script.module.youtube.dl" version="17.0.0"/>
    </requires>
    <extension point="xbmc.python.pluginsource" library="default.py">
        <provides>video</provides>
    </extension>
    <extension point="xbmc.addon.metadata">
        <summary lang="en_GB">Watch full episodes and clips from your favorite Comedy Central shows.</summary>
        <description lang="en_GB">Comedy Central brings you the funniest stuff on the planet. Watch hit shows like Workaholics, Tosh.0, The Daily Show with Trevor Noah, Key and Peele @midnight and Broad City, plus cutting-edge stand-up comedy you won't find anywhere else. Head to CC.com for full episodes, exclusives, previews and more.</description>
        <platform>all</platform>
        <license>GNU GENERAL PUBLIC LICENSE. Version 3, June 2007</license>
        <source>https://github.com/Lunatixz/KODI_Addons/tree/master/plugin.video.comedycentral</source>
        <website>http://www.cc.com/</website>
        <news>v1.0.1[CR]-Added Featured Shows and Increased content size to include All Shows.</news>
        <forum>https://forum.kodi.tv/showthread.php?tid=326986</forum>
        <assets>
            <icon>resources/images/icon.png</icon>
            <fanart>resources/images/fanart.jpg</fanart>
            <screenshot>resources/images/screenshot01.png</screenshot>
            <screenshot>resources/images/screenshot02.png</screenshot>
            <screenshot>resources/images/screenshot03.png</screenshot>
            <screenshot>resources/images/screenshot04.png</screenshot>
        </assets>
    </extension>
</addon>
