<?xml version="1.0" encoding="UTF-8"?>
<addon id="plugin.video.gizmodo" version="0.0.2" name="Gizmodo+" provider-name="Lunatixz">
    <requires>
        <import addon="xbmc.python" version="2.25.0"/>
        <import addon="script.module.simplecache" version="1.0.0"/>
        <import addon="script.module.youtube.dl" version="17.0.0"/>
        <import addon="plugin.video.youtube" version="5.1.8"/>
        <import addon="script.module.beautifulsoup4" version="4.3.2"/>
    </requires>
    <extension point="xbmc.python.pluginsource" library="default.py">
        <provides>video</provides>
    </extension>
    <extension point="xbmc.addon.metadata">
        <summary lang="en_GB">The A.V. Club, Deadspin, Earther, Gizmodo, Jalopnik, Jezebel, Kotaku, Lifehacker, Splinter, The Takeout, The Root, The Onion, Clickhole, The Inventory</summary>
        <description lang="en_GB">Gizmodo Media Group blogs about gadgets, technology and a variety of electronics, as well as all sorts of things gadget and topics geeks might enjoy.</description>
        <platform>all</platform>
        <license>GNU GENERAL PUBLIC LICENSE. Version 3, June 2007</license>
        <source>https://github.com/Lunatixz/KODI_ADDONS/tree/master/plugin.video.gizmodo</source>
        <website>https://gizmodo.com/</website>
        <forum>https://forum.kodi.tv/showthread.php?tid=334322</forum>
        <assets>
            <icon>resources/images/icon.png</icon>
            <fanart>resources/images/fanart.jpg</fanart>
        </assets>
    </extension>
</addon>
