<?xml version="1.0" encoding="UTF-8"?>
<addon id="script.media.maintenance" version="1.0.6" name="Media Maintenance" provider-name="Lunatixz">
    <requires>
        <import addon="xbmc.python" version="2.25.0"/>
        <import addon="script.module.schedule" version="0.5.0"/>
        <import addon="script.module.simplecache" version="1.0.0"/>
    </requires>
    <extension point="xbmc.python.script" library="default.py"/>
    <extension point="xbmc.service" library="service.py" start="login"/>
    <extension point="kodi.context.item" library="context.py">
        <item>
            <label>Remove $INFO[ListItem.DBTYPE]</label>
            <visible>[!String.IsEmpty(ListItem.DBID)|String.IsEqual(ListItem.DBTYPE,season)]</visible>
        </item>
    </extension>
    <extension point="xbmc.addon.metadata">
        <summary lang="en_GB"></summary>
        <description lang="en_GB"></description>
        <platform>all</platform>
        <license>GNU GENERAL PUBLIC LICENSE. Version 3, June 2007</license>
        <source>https://github.com/Lunatixz/KODI_Addons/tree/master/script.media.maintenance</source>
        <website></website>
        <forum>https://forum.kodi.tv/showthread.php?tid=331996</forum>
        <news>v.1.0.3[CR]-Added Duplicate Movie finder[CR]v.1.0.2[CR]-Misc. Improvements[CR]v.1.0.1[CR]-Added "Remove Media?" context menu option.[CR]-Improved usability.[CR]-Added scan/clean library scheduling.</news>
        <assets>
            <icon>resources/images/icon.png</icon>
            <icon>resources/images/fanart.jpg</icon>
        </assets>
    </extension>
</addon>