﻿<?xml version="1.0" encoding="utf-8"?>
<window>
    <allowoverlay>no</allowoverlay>
    <depth>2</depth>
    <zorder>2</zorder>
    <coordinates>
        <left>0</left>
        <top>0</top>
    </coordinates>
    <onload>SetProperty(uEPG.buttonWidth,7200,10000)</onload>
    <onload>SetProperty(uEPG.timeCount,4,10000)</onload>
    <onload>SetProperty(uEPG.textColor,0xFFFFFFFF,10000)</onload>
    <onload>SetProperty(uEPG.disabledColor,0xFFFFFFFF,10000)</onload>
    <onload>SetProperty(uEPG.focusedColor,0xFFFFFFFF,10000)</onload>
    <onload>SetProperty(uEPG.timeColor,0xFFFFFFFF,10000)</onload>
    <onload>SetProperty(uEPG.shadowColor,0xFF000000,10000)</onload>
    <onload>SetProperty(uEPG.futureColor,0xFF0f85a5,10000)</onload>
    <onload>SetProperty(uEPG.textFont,font12,10000)</onload>
    <onload>SetProperty(uEPG.singleLineFade,true,10000)</onload>
    <onload>SetProperty(uEPG.timeFormat,%a,10000)</onload>
    <onload>SetProperty(uEPG.optMenu,40001,10000)</onload>
    <animation effect="fade" start="0" end="100" time="100">WindowOpen</animation>
    <animation effect="fade" start="100" end="0" time="100">WindowClose</animation>
    <controls>
        <control type="fixedlist" id="40000">
            <itemlayout width="0" height="0">
            </itemlayout>
            <focusedlayout height="0" width="0">
            </focusedlayout>
        </control>
        <control type="image">
            <left>1055</left>
            <top>30</top>  
            <width>835</width>
            <height>475</height>
            <visible>!Player.Playing</visible>
            <aspectratio scalediffuse="true" align="center" aligny="center">scale</aspectratio>
            <texture fallback="PlutoTV.jpg" background="true">$INFO[Container(40000).ListItem.Art(clearart)]</texture>
        </control> 
        <control type="image"> 
            <width>1920</width>
            <height>1080</height>
            <visible>Player.Playing</visible>
            <aspectratio scalediffuse="true" align="center" aligny="center">scale</aspectratio>
            <texture colordiffuse="FF000000">white.png</texture>
        </control> 
        <control type="videowindow">
            <description>VideoWindow</description>
            <left>1055</left>
            <top>30</top>  
            <width>835</width>
            <height>475</height>
            <visible>Player.Playing</visible>
        </control>
        <control type="image">
            <description>Artwork</description>
            <left>33</left>
            <top>235</top>  
            <width>148</width>
            <height>148</height>
            <aspectratio scalediffuse="true" align="center" aligny="center">keep</aspectratio>
            <texture fallback="PlutoTV.png" background="true">$INFO[Container(40000).ListItem.Art(thumb)]</texture>
            <animation effect="fade" time="500">VisibleChange</animation> 
            <animation effect="fade" start="85" end="85" condition="True">Conditional</animation>
        </control>
        <control type="image">
            <width>1920</width>
            <height>1080</height>
            <texture>Background.png</texture>
        </control>
        <!-- <control type="image"> -->
            <!-- <width>1920</width> -->
            <!-- <height>1080</height> -->
            <!-- <texture>test.jpg</texture> -->
        <!-- </control> -->
        <control type="group">
            <left>35</left>
            <top>2</top>
            <width>1848</width>
            <height>500</height>
            <control type="label">
                <description>Show Info</description>
                <left>5</left>
                <top>150</top>
                <width>800</width>
                <height>40</height>
                <font>font60</font>
                <textcolor>FFFFFFFF</textcolor>
                <shadowcolor>ff000000</shadowcolor>
                <aligny>center</aligny>
                <align>left</align>
                <label>$INFO[Container(40000).ListItem.Title]</label>
            </control>
            <control type="label">
                <description>Show Info</description>
                <left>175</left>
                <top>225</top>
                <width>800</width>
                <height>40</height>
                <font>font32_title</font>
                <textcolor>FFFFFFFF</textcolor>
                <shadowcolor>FF000000</shadowcolor>
                <aligny>center</aligny>
                <align>left</align>
                <label>$INFO[Container(40000).ListItem.originaltitle]</label>
            </control>
            <control type="label">
                <description>Show Info</description>
                <left>175</left>
                <top>275</top>
                <width>800</width>
                <height>250</height>
                <font>font12</font>
                <textcolor>FFFFFFFF</textcolor>
                <shadowcolor>FF000000</shadowcolor>
                <aligny>top</aligny>
                <align>left</align>
                <scroll>true</scroll>
                <wrapmultiline>true</wrapmultiline>
                <scrollspeed>50</scrollspeed>
                <scrollsuffix> - </scrollsuffix>
                <label>$INFO[Container(40000).ListItem.plot]</label>
            </control>
            <control type="label">
                <description>Show Info</description>
                <left>5</left>
                <top>1035</top>
                <width>800</width>
                <height>250</height>
                <font>font_flag</font>
                <textcolor>FFFFFFFF</textcolor>
                <shadowcolor>FF000000</shadowcolor>
                <aligny>top</aligny>
                <align>left</align>
                <scroll>true</scroll>
                <wrapmultiline>true</wrapmultiline>
                <scrollspeed>50</scrollspeed>
                <scrollsuffix> - </scrollsuffix>
                <label>$INFO[Container(40000).ListItem.genre]</label>
            </control>
        </control>
        <control type="group">
            <left>-30</left>
            <top>460</top>
            <control type="group">
                <left>0</left>
                <top>70</top>
                <control type="label" id="33005">
                    <description>Date Label</description>
                    <left>65</left>
                    <width>45</width>
                    <height>38</height>
                    <align>left</align>
                    <aligny>center</aligny>
                    <font>font12</font>
                    <textcolor>FF0386DE</textcolor>
                    <shadowcolor>FF000000</shadowcolor>
                </control> 
                <control type="label" id="33005">
                    <description>Date Label</description>
                    <left>110</left>
                    <width min="162" max="400">auto</width>
                    <height>38</height>
                    <align>left</align>
                    <aligny>center</aligny>
                    <font>font12</font>
                    <label>$INFO[System.Time(hh:mm xx)]</label>
                    <textcolor>FF0386DE</textcolor>
                    <shadowcolor>FF000000</shadowcolor>
                </control> 
                <control type="label" id="33007">
                    <description>Timebar Current Time Button</description>
                    <width>auto</width>
                    <height>auto</height>
                    <visible>false</visible>
                </control>
                <control type="label" id="33101">
                    <description>Time Label</description>
                    <left>370</left>
                    <width min="155" max="200">auto</width>
                    <height>38</height>
                    <label>Time 1</label>
                    <font>font10</font>
                    <align>left</align>
                    <aligny>center</aligny>
                    <textcolor>FF0386DE</textcolor>
                    <shadowcolor>FF000000</shadowcolor>
                </control>
                <control type="label" id="33102">
                    <description>Time Label</description>
                    <left>770</left>
                    <width min="155" max="200">auto</width>
                    <height>38</height>
                    <label>Time 2</label>
                    <font>font10</font>
                    <align>left</align>
                    <aligny>center</aligny>
                    <textcolor>FF0386DE</textcolor>
                    <shadowcolor>FF000000</shadowcolor>
                </control>
                <control type="label" id="33103">
                    <description>Time Label</description>
                    <left>1170</left>
                    <width min="155" max="200">auto</width>
                    <height>38</height>
                    <label>Time 3</label>
                    <font>font10</font>
                    <align>left</align>
                    <aligny>center</aligny>
                    <textcolor>FF0386DE</textcolor>
                    <shadowcolor>FF000000</shadowcolor>
                </control>
                <control type="label" id="33104">
                    <description>Time Label</description>
                    <left>1570</left>
                    <width min="155" max="200">auto</width>
                    <height>38</height>
                    <label>Time 4</label>
                    <font>font10</font>
                    <align>left</align>
                    <aligny>center</aligny>
                    <textcolor>FF0386DE</textcolor>
                    <shadowcolor>FF000000</shadowcolor>
                </control>
            </control>
            <control type="image" id="33013">
                <description>Timebar line</description>
                <left>335</left>
                <top>570</top>
                <width>20</width>
                <height>464</height>
                <aspectratio>keep</aspectratio>
            </control>
            <control type="group">
                <left>40</left>
                <top>0</top>
                <itemgap>0</itemgap>
                <orientation>vertical</orientation>
                <control type="image">
                    <left>10</left>
                    <top>189</top>
                    <width>301</width>
                    <height>63</height>
                    <texture>epg-genres\COLOR_ButtonNoFocus.png</texture>
                </control>
                <control type="image"> 
                    <left>10</left>
                    <top>264</top>  
                    <width>301</width>
                    <height>63</height>
                    <texture>epg-genres\COLOR_ButtonNoFocus.png</texture>
                </control>
                <control type="image">  
                    <left>10</left>
                    <top>339</top>  
                    <width>301</width>
                    <height>63</height>
                    <texture>epg-genres\COLOR_ButtonNoFocus.png</texture>
                </control>
                <control type="image">
                    <left>10</left>
                    <top>414</top>  
                    <width>301</width>
                    <height>63</height>
                    <texture>epg-genres\COLOR_ButtonNoFocus.png</texture>
                </control>
                <control type="image">
                    <left>10</left>
                    <top>489</top>  
                    <width>301</width>
                    <height>63</height>
                    <texture>epg-genres\COLOR_ButtonNoFocus.png</texture>
                </control>
            </control> 
         <control type="image" id="33011"> 
            <description>Timebar Optional past fade</description>
            <visible>false</visible>
        </control>
        <control type="image" id="33012"> 
            <description>Timebar Optional future fade</description>
            <visible>false</visible>
        </control>
        <control type="image" id="33009">
            <description>Optional Channel Focus Highlight</description>
            <visible>false</visible>
        </control> 
        <control type="image" id="33010">
            <description>Optional Channel Playing Highlight</description>
            <visible>false</visible>
        </control>
        <control type="grouplist">
            <left>35</left>
            <top>182</top>
            <itemgap>0</itemgap>
            <orientation>vertical</orientation>
            <description>Number</description>
            <control type="label" id="33111">
                <description>Channel 1 Number</description>
                <width>100</width>
                <height>75</height>
                <label></label>
                <font>font10</font>
                <align>right</align>
                <aligny>center</aligny>
                <textcolor>FFFFFFFF</textcolor>
                <shadowcolor>FF000000</shadowcolor>
            </control>
            <control type="label" id="33112">
                <description>Channel 2 Number</description>
                <width>100</width>
                <height>75</height>
                <label></label>
                <font>font10</font>
                <align>right</align>
                <aligny>center</aligny>
                <textcolor>FFFFFFFF</textcolor>
                <shadowcolor>FF000000</shadowcolor>
            </control>
            <control type="label" id="33113">
                <description>Channel 3 Number</description>
                <width>100</width>
                <height>75</height>
                <label></label>
                <font>font10</font>
                <align>right</align>
                <aligny>center</aligny>
                <textcolor>FFFFFFFF</textcolor>
                <shadowcolor>FF000000</shadowcolor>
            </control>
            <control type="label" id="33114">
                <description>Channel 4 Number</description>
                <width>100</width>
                <height>75</height>
                <label></label>
                <font>font10</font>
                <align>right</align>
                <aligny>center</aligny>
                <textcolor>FFFFFFFF</textcolor>
                <shadowcolor>FF000000</shadowcolor>
            </control>
            <control type="label" id="33115">
                <description>Channel 5 Number</description>
                <width>100</width>
                <height>75</height>
                <label></label>
                <font>font10</font>
                <align>right</align>
                <aligny>center</aligny>
                <textcolor>FFFFFFFF</textcolor>
                <shadowcolor>FF000000</shadowcolor>
            </control>
        </control>
            <control type="label" id="33511">
                <description>Channel 1 Name</description>
                <visible>false</visible>
            </control>
            <control type="label" id="33512">
                <description>Channel 2 Name</description>
                <visible>false</visible>
            </control>
            <control type="label" id="33513">
                <description>Channel 3 Name</description>
                <visible>false</visible>
            </control>
            <control type="label" id="33514">
                <description>Channel 4 Name</description>
                <visible>false</visible>
            </control>
            <control type="label" id="33515">
                <description>Channel 5 Name</description>
                <visible>false</visible>
            </control>
            <control type="image" id="33411">
                <description>Channel 1 Icon</description>
                <left>100</left>
                <top>195</top>
                <width>250</width>
                <height>53</height>
                <align>left</align>
                <aligny>center</aligny>
                <aspectratio>keep</aspectratio> 
                <texture fallback="ChannelLogo.png" background="true">ChannelLogo.png</texture>
                <animation effect="fade" start="85" end="85" condition="True">Conditional</animation>
            </control>
            <control type="image" id="33412">
                <description>Channel 2 Icon</description>
                <left>100</left>
                <top>270</top>  
                <width>250</width>
                <height>53</height>
                <align>left</align>
                <aligny>center</aligny>
                <aspectratio>keep</aspectratio> 
                <texture fallback="ChannelLogo.png" background="true">ChannelLogo.png</texture>
                <animation effect="fade" start="85" end="85" condition="True">Conditional</animation>
            </control>
            <control type="image" id="33413">
                <description>Channel 3 Icon</description> 
                <left>100</left>
                <top>345</top>  
                <width>250</width>
                <height>53</height>
                <align>left</align>
                <aligny>center</aligny>
                <aspectratio>keep</aspectratio>
                <texture fallback="ChannelLogo.png" background="true">ChannelLogo.png</texture>
                <animation effect="fade" start="85" end="85" condition="True">Conditional</animation>
            </control>
            <control type="image" id="33414">
                <description>Channel 4 Icon</description>
                <left>100</left>
                <top>420</top>  
                <width>250</width>
                <height>53</height>
                <align>left</align>
                <aligny>center</aligny>
                <aspectratio>keep</aspectratio>
                <texture fallback="ChannelLogo.png" background="true">ChannelLogo.png</texture>
                <animation effect="fade" start="85" end="85" condition="True">Conditional</animation>
            </control>
            <control type="image" id="33415">
                <description>Channel 5 Icon</description>
                <left>100</left>
                <top>495</top>  
                <width>250</width>
                <height>53</height>
                <align>left</align>
                <aligny>center</aligny>
                <aspectratio>keep</aspectratio>
                <texture fallback="ChannelLogo.png" background="true">ChannelLogo.png</texture>
                <animation effect="fade" start="85" end="85" condition="True">Conditional</animation>
            </control> 
        </control>
        <control type="group" id="33611">
            <left>335</left>
            <top>649</top>
            <width>1585</width>
            <height>63</height>
        </control>
        <control type="group" id="33612">
            <left>335</left>
            <top>724</top>
            <width>1585</width>
            <height>63</height>
        </control>
        <control type="group" id="33613">
            <left>335</left>
            <top>799</top>
            <width>1585</width>
            <height>63</height>
        </control>
        <control type="group" id="33614">
            <left>335</left>
            <top>874</top>
            <width>1585</width>
            <height>63</height>
        </control>
        <control type="group" id="33615">
            <left>335</left>
            <top>949</top>
            <width>1585</width>
            <height>63</height>
        </control>  
    </controls>
</window>
