<?xml version="1.0" encoding="UTF-8"?>
<addon id="plugin.video.comicbook" version="1.0.0" name="ComicBook.com - YouTube" provider-name="Lunatixz">
    <requires>
        <import addon="xbmc.python" version="2.25.0"/>
        <import addon="plugin.video.youtube" version="5.3.10"/>
    </requires>
    <extension point="xbmc.python.pluginsource" library="default.py">
        <provides>video</provides>
    </extension>
    <extension point="xbmc.addon.metadata">
        <summary lang="en_GB">The official YouTube channel of "ComicBook.com"</summary>
        <description lang="en_GB">ComicBook.com provides fans with the latest news, reviews, tv and movie database, vibrant communities, social platforms, events and industry scoop.</description>
        <platform>all</platform>
        <license>GNU GENERAL PUBLIC LICENSE. Version 3, June 2007</license>
        <source>https://github.com/Lunatixz/Kodi_Addons/tree/master/plugin.video.comicbook</source>
        <assets>
            <icon>icon.png</icon>
            <fanart>fanart.jpg</fanart>
        </assets>
    </extension>
</addon>