<?xml version="1.0" encoding="UTF-8" standalone="yes"?>
<window>
    <coordinates>
        <system>1</system>
        <posx>0</posx>
        <posy>0</posy>
    </coordinates>
    <controls>
        <control type="videowindow" id="41000">
            <description>Video Overlay</description>
            <posx>0</posx>
            <posy>0</posy>
            <width>auto</width>
            <height>auto</height>
            <align>center</align>
            <aligny>center</aligny>
        </control> 
    </controls>
</window>
