<?xml version="1.0" encoding="UTF-8"?>
<addon id="plugin.video.theverge" version="1.0.0" name="The Verge - YouTube" provider-name="Lunatixz">
    <requires>
        <import addon="xbmc.python" version="2.25.0"/>
        <import addon="plugin.video.youtube" version="5.3.10"/>
    </requires>
    <extension point="xbmc.python.pluginsource" library="default.py">
        <provides>video</provides>
    </extension>
    <extension point="xbmc.addon.metadata">
        <summary lang="en_GB">The official YouTube channel of "The Verge"</summary>
        <description lang="en_GB">TheVerge.com examines how technology will change life in the future. Watch explainers, product reviews, technology news, and more.</description>
        <platform>all</platform>
        <license>GNU GENERAL PUBLIC LICENSE. Version 3, June 2007</license>
        <source>https://github.com/Lunatixz/Kodi_Addons/tree/master/plugin.video.theverge</source>
        <news></news>
        <assets>
            <icon>icon.png</icon>
            <fanart>fanart.jpg</fanart>
        </assets>
    </extension>
</addon>