<?xml version="1.0" encoding="UTF-8" standalone="yes"?>
<addon id="script.module.pydub" version="0.23.1" name="pyDub" provider-name="jiaaro">
    <requires>
        <import addon="xbmc.python" version="2.25.0" />
    </requires>
    <extension library="lib" point="xbmc.python.module" />
    <extension point="xbmc.addon.metadata">
        <summary lang="en_GB"></summary>
        <description lang="en_GB"></description>
        <license>MIT</license>
        <platform>all</platform>
        <source>https://github.com/Lunatixz/KODI_Addons/tree/master/script.module.pydub</source>
        <assets>
            <icon>icon.png</icon>
        </assets>
    </extension>
</addon>
