<?xml version="1.0" encoding="UTF-8"?>
<addon id="script.smartplaylist.generator" version="0.0.2" name="Smartplaylist Generator" provider-name="Lunatixz">
    <requires>
        <import addon="xbmc.python" version="3.0.1"/>
        <import addon="script.module.six" version="1.0.0"/>
        <import addon="script.module.kodi-six" version="0.1.3.1"/>
        <import addon="script.module.infotagger" version="0.0.5"/>
        <import addon="script.module.simplecache" version="1.0.0"/>
        <import addon="script.module.requests" version="0.0.1"/>
    </requires>
    <extension point="xbmc.python.pluginsource" library="resources/lib/default.py">
        <provides>executable</provides>
    </extension>
    <extension point="xbmc.service" library="resources/lib/service.py"/>
    <extension point="xbmc.addon.metadata">
        <summary lang="en_GB">Generate Smartplaylists from third-party lists.</summary>
        <description lang="en_GB">Generate Smartplaylists from third-party lists.</description>
        <platform>all</platform>
        <license>GPL-3.0-or-later</license>
        <source>https://github.com/Lunatixz/KODI_Addons/tree/master/script.smartplaylist.generator</source>
        <forum>https://forum.kodi.tv/showthread.php?tid=379825</forum>
        <disclaimer lang="en_GB">BETA PROJECT; SUBJECT TO BUGS</disclaimer>
        <reuselanguageinvoker>false</reuselanguageinvoker>
        <assets>
            <icon>resources/images/icon.png</icon>
            <fanart>resources/images/fanart.jpg</fanart>
        </assets>
    </extension>
</addon>
