<?xml version="1.0" encoding="UTF-8"?>
<addon id="plugin.video.looper" version="1.0.0" name="Looper" provider-name="Lunatixz">
    <requires>
        <import addon="xbmc.python" version="2.25.0"/>
        <import addon="script.module.simplecache" version="1.0.0"/>
        <import addon="script.module.beautifulsoup4" version="4.3.2"/>
    </requires>
    <extension point="xbmc.python.pluginsource" library="default.py">
        <provides>video</provides>
    </extension>
    <extension point="xbmc.addon.metadata">
        <description lang="en_GB">From superhero blockbusters to binge-worthy shows and bestselling video games, fan culture has never been bigger or more powerful. It can also be a little bewildering—which is exactly where Looper comes in. Offering a grab bag of bite-sized news and in-depth information about all your favorite franchises, we're here to serve as an outpost for pop culture enthusiasts of all ages.</description>
        <platform>all</platform>
        <license>GNU GENERAL PUBLIC LICENSE. Version 3, June 2007</license>
        <source>https://github.com/Lunatixz/KODI_ADDONS/tree/master/plugin.video.looper</source>
        <website>https://www.looper.com</website>
        <forum>https://forum.kodi.tv/showthread.php?tid=332797</forum>
        <assets>
            <icon>resources/images/icon.png</icon>
            <fanart>resources/images/fanart.jpg</fanart>
            <screenshot>resources/images/screenshot01.png</screenshot>
            <screenshot>resources/images/screenshot02.png</screenshot>
            <screenshot>resources/images/screenshot03.png</screenshot>
        </assets>
    </extension>
</addon>
