<?xml version="1.0" encoding="UTF-8"?>
<addon id="plugin.video.msnbc" version="1.0.0" name="MSNBC" provider-name="Lunatixz">
    <requires>
        <import addon="xbmc.python" version="2.25.0"/>
        <import addon="script.module.simplecache" version="1.0.0"/>
        <import addon="script.module.youtube.dl" version="17.0.0"/>
        <import addon="script.module.beautifulsoup4" version="4.3.2"/>
    </requires>
    <extension point="xbmc.python.pluginsource" library="default.py">
        <provides>video</provides>
    </extension>
    <extension point="xbmc.addon.metadata">
        <description lang="en_GB">MSNBC is an American news cable and satellite television network that provides news coverage and political commentary from NBC News on current events</description>
        <platform>android freebsd ios linux osx windows</platform>
        <license>GNU GENERAL PUBLIC LICENSE. Version 3, June 2007</license>
        <source>https://github.com/Lunatixz/KODI_ADDONS/tree/master/plugin.video.msnbc</source>
        <website>https://www.msnbc.com</website>
        <news></news>
        <forum>https://forum.kodi.tv/showthread.php?tid=334128</forum>
        <assets>
            <icon>resources/images/icon.png</icon>
            <fanart>resources/images/fanart.jpg</fanart>
            <screenshot>resources/images/screenshot01.png</screenshot>
            <screenshot>resources/images/screenshot02.png</screenshot>
            <screenshot>resources/images/screenshot03.png</screenshot>
        </assets>
    </extension>
</addon>
