<?xml version="1.0" encoding="UTF-8" standalone="yes"?>
<addon id="service.onmute" version="1.0.0" name="OnMute" provider-name="Lunatixz">
    <requires>
        <import addon="xbmc.python" version="3.0.0"/>
    </requires>
    <extension point="xbmc.python.script" library="settings.py"/>
    <extension point="xbmc.service" library="service.py"/>
    <extension point="xbmc.addon.metadata">
        <platform>all</platform>
        <source>https://github.com/Lunatixz/KODI_Addons/tree/master/service.onmute</source>
        <forum>https://forum.kodi.tv/showthread.php?tid=334361</forum>
        <news>v1.1.0[CR]- Matrix</news>
        <license>GPL-3.0-or-later</license>
        <assets>
            <icon>resources/images/icon.png</icon>
            <fanart>resources/images/fanart.jpg</fanart>
        </assets>
        <summary lang="de_DE">Untertitel, auch solche mit erklärendem Text, beim Stummschalten von Kodi aktivieren.</summary>
        <summary lang="en_GB">Enable closed captioning and subtitles &amp;quot;OnMute&amp;quot;.</summary>
        <summary lang="ko_KR">폐쇄 자막 및 &amp;quot;OnMute&amp;quot; 자막을 활성화합니다.</summary>
        <summary lang="pl_PL">Włącz napisy kodowane i napisy „OnMute”.</summary>
        <description lang="de_DE">OnMute handhabt Untertitel, auch solche mit erklärendem Text, während Kodi stummschaltet ist.</description>
        <description lang="en_GB">Let &amp;quot;OnMute&amp;quot; toggle closed captioning and subtitles while Kodi is muted.</description>
        <description lang="ko_KR">Kodi가 음소거되어 있는 동안 &amp;quot;OnMute&amp;quot;가 폐쇄 캡션과 자막을 토글하도록 합니다.</description>
        <description lang="pl_PL">Niech „OnMute” przełącza napisy zamknięte i napisy, gdy Kodi jest wyciszony.</description>
    </extension>
</addon>