<?xml version="1.0" encoding="UTF-8" standalone="yes"?>
<addon id="service.onmute" version="1.0.0" name="OnMute" provider-name="Lunatixz">
    <requires>
        <import addon="xbmc.python" version="3.0.0"/>
    </requires>
    <extension point="xbmc.python.script" library="settings.py"/>
    <extension point="xbmc.service" library="service.py"/>
    <extension point="xbmc.addon.metadata">
        <platform>all</platform>
        <source>https://github.com/Lunatixz/KODI_Addons/tree/master/service.onmute</source>
        <forum>https://forum.kodi.tv/showthread.php?tid=334361</forum>
        <news>v1.1.0[CR]- Matrix</news>
        <license>GPL-3.0-or-later</license>
        <assets>
            <icon>resources/images/icon.png</icon>
            <fanart>resources/images/fanart.jpg</fanart>
        </assets>
        <summary lang="cs_CZ">Povoluje skryté titulky a titulky &quot;OnMute&quot; (při vypnutí zvuku).</summary>
        <summary lang="da_DK">Aktiver tekster for hørehæmmede og undertekster &quot;OnMute&quot;.</summary>
        <summary lang="de_DE">Untertitel, auch solche mit erklärendem Text, beim Stummschalten von Kodi aktivieren.</summary>
        <summary lang="en_GB">Enable closed captioning and subtitles &quot;OnMute&quot;.</summary>
        <summary lang="es_MX">Activa subtítulos cerrados y subtítulos &quot;OnMute&quot;.</summary>
        <summary lang="fi_FI">Käytä &quot;OnMute&quot; -toiminnon kanssa kuvaavia (CC) ja tavallisia tekstityksiä.</summary>
        <summary lang="fr_FR">Activer le sous-titrage « OnMute ».</summary>
        <summary lang="ko_KR">폐쇄 자막 및 &quot;OnMute&quot; 자막을 활성화합니다.</summary>
        <summary lang="pl_PL">Włącz napisy kodowane i napisy „OnMute”.</summary>
        <summary lang="zh_CN">启用闭路字幕和字幕“OnMute”。</summary>
        <description lang="cs_CZ">Nechte &quot;OnMute&quot; přepínat skryté titulky a titulky když je v Kodi vypnutý zvuk.</description>
        <description lang="da_DK">Lad &quot;OnMute&quot; skifte tekster for hørehæmmede og undertekster, mens Kodi er slået fra.</description>
        <description lang="de_DE">OnMute handhabt Untertitel, auch solche mit erklärendem Text, während Kodi stummschaltet ist.</description>
        <description lang="en_GB">Let &quot;OnMute&quot; toggle closed captioning and subtitles while Kodi is muted.</description>
        <description lang="es_MX">Permitir que &quot;OnMute&quot; cambie entre subtítulos cerrados y subtítulos mientras Kodi está silenciado.</description>
        <description lang="fi_FI">Salli &quot;OnMute&quot; -toiminnon kytkeä tavalliset ja kuvaavat tekstitykset käyttöön, kun Kodi mykistetään.</description>
        <description lang="fr_FR">Permettre à « OnMute »d&apos;activer le sous-titrage quand Kodi est mis en sourdine.</description>
        <description lang="ko_KR">Kodi가 음소거되어 있는 동안 &quot;OnMute&quot;가 폐쇄 캡션과 자막을 토글하도록 합니다.</description>
        <description lang="pl_PL">Niech „OnMute” przełącza napisy zamknięte i napisy, gdy Kodi jest wyciszony.</description>
        <description lang="zh_CN">让“OnMute”在 Kodi 静音时切换闭路字幕和字幕。</description>
    </extension>
</addon>