<?xml version="1.0" encoding="UTF-8"?>
<addon id="plugin.video.newsblender" version="1.0.1" name="News Blender" provider-name="Lunatixz">
    <requires>
        <import addon="xbmc.python" version="2.25.0"/>
        <import addon="script.module.simplecache" version="1.0.0"/>
        <import addon="script.module.youtube.dl" version="17.0.0"/>
    </requires>
    <extension point="xbmc.python.pluginsource" library="default.py">
        <provides>video</provides>
    </extension>
    <extension point="xbmc.addon.metadata">
        <summary lang="en_GB">Access worldwide news from over 5,000 news sources and blogs in one plugin.</summary>
        <description lang="en_GB">Get breaking news headlines, and search for articles from over 5,000 news sources and blogs.</description>
        <platform>all</platform>
        <license>GNU GENERAL PUBLIC LICENSE. Version 3, June 2007</license>
        <source>https://github.com/Lunatixz/KODI_Addons/tree/master/plugin.video.newsblender</source>
        <website>http://newsapi.org</website>
        <news>v.1.0.1[CR]-Added Parsing Dialog</news>
        <forum>https://forum.kodi.tv/showthread.php?tid=326129</forum>
        <assets>
            <icon>resources/images/icon.png</icon>
            <fanart>resources/images/fanart.jpg</fanart>
            <screenshot>resources/images/screenshot01.png</screenshot>
            <screenshot>resources/images/screenshot02.png</screenshot>
            <screenshot>resources/images/screenshot03.png</screenshot>
        </assets>
    </extension>
</addon>
