<?xml version="1.0" encoding="UTF-8"?>
<addon id="plugin.video.locast" version="1.1.9" name="Locast" provider-name="Lunatixz">
    <requires>
        <import addon="xbmc.python" version="3.0.0"/>
        <import addon="script.module.six" version="1.0.0"/>
        <import addon="script.module.kodi-six" version="0.1.3.1"/>
        <import addon="script.module.requests" version="2.7.0"/> 
        <import addon="script.module.simplecache" version="1.0.0"/>
        <import addon="script.module.routing" version="0.2.3"/>
        <import addon="script.module.pytz" version="2019.3.0+matrix.2"/>
        <import addon="script.module.dateutil" version="2.8.1+matrix.1"/>
        <import addon="script.module.tzlocal" version="2.0.0+matrix.1"/>
        
        <import addon="script.module.inputstreamhelper" version="0.3.3"/>
        <import addon="service.iptv.manager" version="0.2.2" optional="true"/>
    </requires>
    <extension point="xbmc.python.pluginsource" library="default.py">
        <provides>video</provides>
    </extension>
    <extension point="xbmc.service" library="pseudotv_recommended.py"/>
    <extension point="xbmc.addon.metadata">
        <reuselanguageinvoker>true</reuselanguageinvoker>
        <platform>all</platform>
        <news>v1.1.7[CR]- Fixed login issues[CR]v1.1.7[CR]- IPTV Simple Guidedata fix, Inputstream beta build support for uninterrupted playback.</news>
        <license>GPL-3.0-or-later</license>
        <source>https://github.com/Lunatixz/KODI_ADDONS/tree/master/plugin.video.locast</source>
        <website>https://www.locast.org</website>
        <forum>https://forum.kodi.tv/showthread.php?tid=334947</forum>
        <assets>
            <icon>resources/images/icon.png</icon>
            <fanart>resources/images/fanart.jpg</fanart>
            <screenshot>resources/images/screenshot01.png</screenshot>
            <screenshot>resources/images/screenshot02.png</screenshot>
            <screenshot>resources/images/screenshot03.png</screenshot>
            <screenshot>resources/images/screenshot04.png</screenshot>
        </assets>
        <summary lang="da_DK">Locast er en offentlig tjeneste til amerikanere, der leverer lokale udsendelsessignaler over internettet i udvalgte byer som f.eks. New York, Philadelphia, Boston, Chicago, Houston og Dallas...</summary>
        <summary lang="en_GB">Locast is a public service to Americans, providing local broadcast signals over the Internet in select cities like New York, Philadelphia, Boston, Chicago, Houston and Dallas ...</summary>
        <description lang="da_DK">Alt du skal gøre er at tilmelde dig online, angive dit navn og emailadresse og bekræfte, at du bor i og logger på fra en af de udvalgte amerikanske byer (&quot;Designated Market Area&quot;). Derefter kan du vælge blandt lokale tv-stationer og streame din foretrukne lokale station. Locast.org er en &quot;digital oversætter&quot;, hvilket betyder, at Locast.org fungerer ligesom en traditionel broadcast-oversættertjeneste, bortset fra at i stedet for at bruge et luftbåret signal til at øge en tv-stations rækkevidde, streamer vi signalet over internettet til forbrugerne placeret i udvalgte amerikanske byer. Lige siden begyndelsen af tv-udsendelser i midten af det 20. århundrede, har non-profit organisationer leveret &quot;oversætter&quot; tv-stationer som en offentlig tjeneste. Hvor en primær udsender ikke kan nå en modtager med et stærkt nok signal, forstærker oversætteren dette signal med en anden sender, hvilket gør det muligt for forbrugere, der ellers ikke kunne få det trådløse signal, at modtage vigtig programindhold, herunder lokale nyheder, vejr og selvfølgelig , sport. Locast.org leverer den samme offentlige service, men i stedet for en luftbåret signalsender, leverer vi det lokale udsendelsessignal via online streaming.</description>
        <description lang="en_GB">All you have to do is sign up online, provide your name and email address, and certify that you live in, and are logging on from, one of the select US cities (“Designated Market Area”). Then, you can select among local broadcasters and stream your favorite local station. Locast.org is a “digital translator,” meaning that Locast.org operates just like a traditional broadcast translator service, except instead of using an over-the-air signal to boost a broadcaster’s reach, we stream the signal over the Internet to consumers located within select US cities. Ever since the dawn of TV broadcasting in the mid-20th Century, non-profit organizations have provided “translator” TV stations as a public service. Where a primary broadcaster cannot reach a receiver with a strong enough signal, the translator amplifies that signal with another transmitter, allowing consumers who otherwise could not get the over-the-air signal to receive important programming, including local news, weather and of course, sports. Locast.org provides the same public service, except instead of an over-the-air signal transmitter, we provide the local broadcast signal via online streaming.</description>
        <disclaimer lang="da_DK">Indholdet er geografisk begrænset og er muligvis ikke tilgængeligt på din placering.</disclaimer>
        <disclaimer lang="en_GB">Content is Geo-restricted and may not be available in your location.</disclaimer>
        <lifecyclestate type="broken" lang="da_DK">Locast indstiller driften med øjeblikkelig virkning.\nBesøg www.locast.org for detaljer...</lifecyclestate>
        <lifecyclestate type="broken" lang="en_GB">Locast is suspending operations, effective immediately.\nVisit www.locast.org for details...</lifecyclestate>
    </extension>
</addon>
