<?xml version="1.0" encoding="UTF-8"?>
<addon id="plugin.video.seeker" version="1.0.0" name="Seeker" provider-name="Lunatixz">
    <requires>
        <import addon="xbmc.python" version="2.25.0"/>
        <import addon="script.module.simplecache" version="1.0.0"/>
        <import addon="script.module.youtube.dl" version="17.0.0"/>
        <import addon="script.module.beautifulsoup4" version="4.3.2"/>
    </requires>
    <extension point="xbmc.python.pluginsource" library="default.py">
        <provides>video</provides>
    </extension>
    <extension point="xbmc.addon.metadata">
        <description lang="en_GB">Seeker exists where technology, innovation, and the future collide. We celebrate relentless curiosity with an insatiable drive to question, inspire, and create. Seeker Media connects with its audience through daily stories published on YouTube.</description>
        <platform>android freebsd ios linux osx windows</platform>
        <license>GNU GENERAL PUBLIC LICENSE. Version 3, June 2007</license>
        <source>https://github.com/Lunatixz/KODI_ADDONS/tree/master/plugin.video.seeker</source>
        <website>https://www.seeker.com</website>
        <forum>https://forum.kodi.tv/showthread.php?tid=332800</forum>
        <assets>
            <icon>resources/images/icon.png</icon>
            <fanart>resources/images/fanart.jpg</fanart>
            <screenshot>resources/images/screenshot01.png</screenshot>
            <screenshot>resources/images/screenshot02.png</screenshot>
            <screenshot>resources/images/screenshot03.png</screenshot>
        </assets>
    </extension>
</addon>
