<?xml version="1.0" encoding="UTF-8"?>
<addon id="plugin.video.wired" version="1.0.1" name="Wired" provider-name="Lunatixz">
    <requires>
        <import addon="xbmc.python" version="2.25.0"/>
        <import addon="script.module.simplecache" version="1.0.0"/>
        <import addon="script.module.beautifulsoup4" version="4.3.2"/>
    </requires>
    <extension point="xbmc.python.pluginsource" library="default.py">
        <provides>video</provides>
    </extension>
    <extension point="xbmc.addon.metadata">
        <description lang="en_GB">WIRED is where tomorrow is realized. It is the essential source of information and ideas that make sense of a world in constant transformation.</description>
        <platform>all</platform>
        <license>GNU GENERAL PUBLIC LICENSE. Version 3, June 2007</license>
        <source>https://github.com/Lunatixz/KODI_ADDONS/tree/master/plugin.video.wired</source>
        <website>https://www.wired.com</website>
        <forum>https://forum.kodi.tv/showthread.php?tid=333232</forum>
        <assets>
            <icon>resources/images/icon.png</icon>
            <fanart>resources/images/fanart.jpg</fanart>
            <screenshot>resources/images/screenshot01.png</screenshot>
            <screenshot>resources/images/screenshot02.png</screenshot>
            <screenshot>resources/images/screenshot03.png</screenshot>
        </assets>
    </extension>
</addon>
