<?xml version="1.0" encoding="UTF-8" standalone="yes"?>
<addon id="service.pvr.channels.cleaner" version="0.0.1" name="Channels PVR Cleaner" provider-name="Lunatixz">
    <requires>
        <import addon="xbmc.python" version="2.26.0"/>
    </requires>
    <extension point="xbmc.service" library="service.py"/>
    <extension point="xbmc.python.script" library="settings.py"/>
    <extension point="xbmc.addon.metadata">
        <summary lang="en_GB">Clean "Channels" PVR Buffer</summary>
        <description lang="en_GB"></description>
        <license>GPL-3.0-or-later</license>
        <platform>all</platform>
        <source>https://github.com/Lunatixz/XBMC_Addons/tree/master/service.pvr.channels.cleaner</source>
        <forum>https://forum.kodi.tv/showthread.php</forum>
        <news></news>
        <disclaimer lang="en_GB">For Personal use; not meant for general use</disclaimer>
        <assets>
            <icon>icon.png</icon>
            <fanart>fanart.jpg</fanart>
        </assets>
    </extension>
</addon>