<?xml version="1.0" encoding="UTF-8"?>
<addon id="plugin.video.tufftv" version="1.0.2" name="Tuff.TV" provider-name="Lunatixz">
    <requires>
        <import addon="xbmc.python" version="2.25.0"/>
        <import addon="script.module.simplecache" version="1.0.0"/>
        <import addon="script.module.beautifulsoup4" version="4.3.2"/>
    </requires>
    <extension point="xbmc.python.pluginsource" library="default.py">
        <provides>video</provides>
    </extension>
    <extension point="xbmc.addon.metadata">
        <summary lang="en_GB">Tuff TV carries a mixture of sports (combat, motor and some team sport), lifestyle (outdoors, cooking), automotive, dramas, movies and talk show programming geared mainly at a young male audience.</summary>
        <description lang="en_GB">Tuff.TV includes a unique and synergistic combination of programming genres aimed at the male demographic. Tuff.TV provides the first-ever mix of these specific genres on one network.  Programming content consists of Sports, Lifestyle, Drama, Reality, Talk, Specials &amp; Movies.</description>
        <platform>all</platform>
        <license>GNU GENERAL PUBLIC LICENSE. Version 3, June 2007</license>
        <source>https://github.com/Lunatixz/KODI_Addons/tree/master/plugin.video.tufftv</source>
        <website>http://www.tufftv.com</website>
        <forum>https://forum.kodi.tv/showthread.php?tid=332079</forum>
        <assets>
            <icon>resources/images/icon.png</icon>
            <fanart>resources/images/fanart.jpg</fanart>
            <screenshot>resources/images/screenshot01.png</screenshot>
            <screenshot>resources/images/screenshot02.png</screenshot>
        </assets>
    </extension>
</addon>
