<?xml version="1.0" encoding="UTF-8" standalone="yes"?>
<addon id="screensaver.bing" name="Bing: Photos of the Week" version="1.0.6" provider-name="Lunatixz">
    <requires>
        <import addon="xbmc.python" version="3.0.0"/>
        <import addon="script.module.six" version="1.0.0"/>
        <import addon="script.module.kodi-six" version="0.1.3.1"/>
        <import addon="script.module.requests" version="2.7.0"/> 
        <import addon="script.module.simplecache" version="1.0.0"/>
    </requires>
    <extension point="xbmc.ui.screensaver" library="default.py"/>
    <extension point="xbmc.addon.metadata">
        <license>GPL-3.0-or-later</license>
        <platform>all</platform>
        <source>https://github.com/Lunatixz/XBMC_Addons/tree/master/screensaver.bing</source>
        <forum>https://forum.kodi.tv/showthread.php?tid=319728</forum>
        <news>v.1.0.5[CR]- Matrix compatibility.</news>
        <assets>
            <icon>resources/images/icon.png</icon>
            <fanart>resources/images/fanart.jpg</fanart>
            <screenshot>resources/images/screenshot01.jpg</screenshot>
            <screenshot>resources/images/screenshot02.jpg</screenshot>
            <screenshot>resources/images/screenshot03.jpg</screenshot>
            <screenshot>resources/images/screenshot04.jpg</screenshot>
        </assets>
        <summary lang="da_DK">Udforsk betagende billeder fra Bing-hjemmesiden... </summary>
        <summary lang="de_DE">Atemberaubende Bilder von der Bing-Homepage entdecken ... </summary>
        <summary lang="en_GB">Explore breathtaking images from the Bing homepage... </summary>
        <summary lang="es_ES">Explora las impresionantes imágenes de la página de inicio de Bing... </summary>
        <summary lang="et_EE">Avasta hingematvalt kauneid pilte Bing avalehelt... </summary>
        <summary lang="fi_FI">Nauti hengityksen salpaavista kuvista Bing-palvelun etusivulta... </summary>
        <summary lang="fr_FR">Explorez des images à couper le souffle depuis la page d&apos;accueil de Bing.. </summary>
        <summary lang="it_IT">Esplora immagini mozzafiato dalla home page di Bing... </summary>
        <summary lang="nl_NL">Verken adembenemende beelden van de homepagina van Bing... </summary>
        <summary lang="pt_BR">Explore imagens deslumbrantes da página inicial do Bing... </summary>
        <summary lang="ru_RU">Исследуйте изображения, захватывающие дух, с домашней страницы Bing... </summary>
        <summary lang="sv_SE">Utforska hisnande bilder från Bings webbsida... </summary>
        <summary lang="uk_UA">Досліджуйте захоплювальні зображення з домашньої сторінки Bing... </summary>
        <summary lang="zh_CN">浏览必应主页上令人叹为观止的图片... </summary>
        <description lang="da_DK">Udforsk betagende billeder fra Bing-hjemmesiden... </description>
        <description lang="de_DE">Atemberaubende Bilder von der Bing-Homepage entdecken ... </description>
        <description lang="en_GB">Explore breathtaking images from the Bing homepage... </description>
        <description lang="es_ES">Explora las impresionantes imágenes de la página de inicio de Bing... </description>
        <description lang="et_EE">Avasta hingematvalt kauneid pilte Bing avalehelt... </description>
        <description lang="fi_FI">Nauti hengityksen salpaavista kuvista Bing-palvelun etusivulta... </description>
        <description lang="fr_FR">Explorez des images à couper le souffle depuis la page d&apos;accueil de Bing... </description>
        <description lang="it_IT">Esplora immagini mozzafiato dalla home page di Bing... </description>
        <description lang="nl_NL">Verken adembenemende beelden van de homepagina van Bing... </description>
        <description lang="pt_BR">Explore imagens deslumbrantes da página inicial do Bing... </description>
        <description lang="ru_RU">Исследуйте изображения, захватывающие дух, с домашней страницы Bing... </description>
        <description lang="sv_SE">Utforska hisnande bilder från Bings webbsida... </description>
        <description lang="uk_UA">Досліджуйте захоплювальні зображення з домашньої сторінки Bing... </description>
        <description lang="zh_CN">浏览必应主页上令人叹为观止的图片... </description>
    </extension>
</addon>
