<?xml version="1.0" encoding="UTF-8" standalone="yes"?>
<addon id="script.pystone.benchmark" name="CPU Benchmark" version="1.1.5" provider-name="Lunatixz">
    <requires>
        <import addon="xbmc.python" version="3.0.0"/>
        <import addon="script.module.kodi-six" version="0.1.3.1"/>
    </requires>
    <extension point="xbmc.python.pluginsource" library="default.py">
        <provides>executable</provides>
    </extension>
    <extension point="xbmc.addon.metadata">
        <license>MIT</license>
        <platform>all</platform>
        <source>https://github.com/Lunatixz/Kodi_Addons/tree/master/script.pystone.benchmark</source>
        <news>v.1.1.2-Matrix</news>
        <forum>http://forum.kodi.tv/showthread.php?tid=314081</forum>
        <assets>
            <icon>resources/images/icon.png</icon>
            <fanart>resources/images/fanart.jpg</fanart>
            <screenshot>resources/images/screenshot01.png</screenshot>
        </assets>
        <summary lang="en_GB">Test your devices python performance.</summary>
        <summary lang="ko_KR">장치 파이썬 성능을 테스트하십시오.</summary>
        <description lang="en_GB">How fast does your device run python code? Pystone evaluates CPU performance running in a python environment.</description>
        <description lang="ko_KR">당신의 기기는 얼마나 빨리 파이썬 코드를 실행할까요? Pystone은 Python 환경에서 실행되는 CPU 성능을 평가합니다.</description>
    </extension>
</addon>
