<?xml version="1.0" encoding="UTF-8" standalone="yes"?>
<addon id="service.onpause" version="0.0.1" name="OnPause" provider-name="Lunatixz">
    <requires>
        <import addon="xbmc.python" version="2.25.0"/>
    </requires>
    <extension point="xbmc.python.script" library="settings.py"/>
    <extension point="xbmc.service" library="service.py" start="startup"/>
    <extension point="xbmc.addon.metadata">
        <summary lang="en_GB"></summary>
        <description lang="en_GB">Allow screensavers when video is paused</description>
        <disclaimer>Currently incompatible with video screensavers</disclaimer>
        <license>GNU GENERAL PUBLIC LICENSE. Version 3, June 2007</license>
        <platform>all</platform>
        <source>https://github.com/Lunatixz/XBMC_Addons/tree/master/service.onpause</source>
        <forum>https://forum.kodi.tv/showthread.php?tid=343003</forum>
        <news></news>
        <assets>
            <icon>icon.png</icon>
            <fanart>fanart.jpg</fanart>
        </assets>
    </extension>
</addon>