<?xml version="1.0" encoding="UTF-8" standalone="yes"?>
<addon id="screensaver.bing" name="Bing: Photos of the Week" version="1.0.2" provider-name="Lunatixz">
    <requires>
        <import addon="xbmc.python" version="2.25.0"/>
        <import addon="script.module.simplecache" version="1.0.0"/>
    </requires>
    <extension point="xbmc.ui.screensaver" library="default.py"/>
    <extension point="xbmc.python.script"  library="default.py"/>
    <extension point="xbmc.addon.metadata">
        <summary lang="en_GB">Explore breathtaking images from the Bing homepage... </summary>
        <description lang="en_GB"></description>
        <license>GNU GENERAL PUBLIC LICENSE. Version 3, June 2007</license>
        <platform>all</platform>
        <source>https://github.com/Lunatixz/XBMC_Addons/tree/master/screensaver.bing</source>
        <forum>https://forum.kodi.tv/showthread.php?tid=319728</forum>
        <news>v.1.0.2[CR]- Leia compatibility.[CR]v.1.0.1 - Added fade overlay and a option to animate.</news>
        <assets>
            <icon>icon.png</icon>
            <fanart>fanart.jpg</fanart>
            <screenshot>resources/images/screenshot01.png</screenshot>
            <screenshot>resources/images/screenshot02.png</screenshot>
            <screenshot>resources/images/screenshot03.png</screenshot>
            <screenshot>resources/images/screenshot04.png</screenshot>
        </assets>
    </extension>
</addon>
