<?xml version="1.0" encoding="UTF-8"?>
<addon id="plugin.video.screenrant" version="1.0.0" name="Screen Rant" provider-name="Lunatixz">
    <requires>
        <import addon="xbmc.python" version="2.25.0"/>
        <import addon="script.module.simplecache" version="1.0.0"/>
        <import addon="script.module.beautifulsoup4" version="4.3.2"/>
    </requires>
    <extension point="xbmc.python.pluginsource" library="default.py">
        <provides>video</provides>
    </extension>
    <extension point="xbmc.addon.metadata">
        <summary lang="en_GB">Screen Rant is the ultimate geek entertainment destination.</summary>
        <description lang="en_GB">ScreenRant.com is one of the most visited movie and TV news sites in the United States.</description>
        <platform>all</platform>
        <license>GNU GENERAL PUBLIC LICENSE. Version 3, June 2007</license>
        <source>https://github.com/Lunatixz/KODI_ADDONS/tree/master/plugin.video.screenrant</source>
        <website>https://www.screenrant.com</website>
        <news></news>
        <forum>https://forum.kodi.tv/showthread.php?tid=332398</forum>
        <assets>
            <icon>resources/images/icon.png</icon>
            <fanart>resources/images/fanart.jpg</fanart>
            <screenshot>resources/images/screenshot01.png</screenshot>
            <screenshot>resources/images/screenshot02.png</screenshot>
            <screenshot>resources/images/screenshot03.png</screenshot>
            <screenshot>resources/images/screenshot04.png</screenshot>
        </assets>
    </extension>
</addon>
