<?xml version="1.0" encoding="UTF-8" standalone="yes"?>
<addon id="screensaver.videosaver" name="Video ScreenSaver" version="1.0.3" provider-name="Lunatixz">
    <requires>
        <import addon="xbmc.python" version="2.25.0"/>
    </requires>
    <extension point="xbmc.ui.screensaver" library="default.py"/>
    <extension point="xbmc.python.script"  library="default.py"/>
    <extension point="xbmc.addon.metadata">
        <summary lang="en_GB">Create a screensaver from any Kodi video source.</summary>
        <description lang="en_GB">Dynamic screensaver using Local content, SmartPlaylists, Plugins and UPNP Servers.</description>
	<summary lang="es_ES">Crea un protector de pantalla de cualquier fuente de vídeo Kodi.</summary>
        <description lang="es_ES">Protector de pantalla dinámico que utiliza contenido local, listas de reproducción inteligentes, complementos y servidores UPNP.</description>
        <license>GNU GENERAL PUBLIC LICENSE. Version 3, June 2007</license>
        <platform>all</platform>
        <forum>https://forum.kodi.tv/showthread.php?tid=319730</forum>
        <source>https://github.com/Lunatixz/Kodi_Addons/tree/master/screensaver.videosaver</source>
        <disclaimer lang="en_GB" >Streaming sources not recommend for metered Internet.</disclaimer>
		<disclaimer lang="es_ES" >Se recomienda no usar recursos en Streaming para conexiones a Internet de uso medido.</disclaimer>	
        <news>v.1.0.3[CR]- Fixed PVR playback[CR]- Fixed Auto Repeat[CR]- v.1.0.2[CR]- Misc. Improvements[CR]- Added Mute Audio[CR]- Spanish Translation (Thanks roliverosc).[CR]v.1.0.1[CR]- Fixed MultiVideo[CR]- Added RepeatOFF</news>
        <assets>
            <icon>resources/images/icon.png</icon>
            <fanart>resources/images/fanart.jpg</fanart>
        </assets>
    </extension>
</addon>
