<?xml version="1.0" encoding="UTF-8" standalone="yes"?>
<addon id="script.module.fuzzywuzzy" version="0.18.0" name="fuzzywuzzy" provider-name="Lunatixz">    
    <requires>
        <import addon="xbmc.python" version="3.0.0" />
    </requires>
    <extension library="lib" point="xbmc.python.module" />
    <extension point="xbmc.addon.metadata">
        <summary lang="en_GB">Packed for KODI from https://github.com/seatgeek/fuzzywuzzy</summary>
        <description lang="en_GB">Packed for KODI from https://github.com/seatgeek/fuzzywuzzy</description>
        <license>GPLv2</license>
        <platform>all</platform>
        <website>https://pypi.org/project/fuzzywuzzy/</website>
        <source>https://github.com/Lunatixz/KODI_Addons/tree/master/script.module.fuzzywuzzy</source>
        <assets>
            <icon>icon.png</icon>
        </assets>
    </extension>
</addon>