<?xml version="1.0" encoding="UTF-8" standalone="yes"?>
<addon id="script.kodi.windows.update" name="Kodi Windows Installer" version="1.0.0" provider-name="Team Kodi">
    <requires>
        <import addon="xbmc.python" version="2.25.0"/>
        <import addon="script.module.simplecache" version="1.0.0"/>
        <import addon="script.module.beautifulsoup4" version="4.3.2"/>
    </requires>
    <extension point="xbmc.python.script" library="default.py"/>
    <extension point="xbmc.service" library="service.py" start="login"/>
    <extension point="xbmc.addon.metadata">
        <summary lang="en_GB">Download and Install Kodi packages.</summary>
        <description lang="en_GB">Download and Install Kodi window executables; select from  Nightlies, Releases, Snapshots and Test-builds.</description>
        <license>GNU GENERAL PUBLIC LICENSE. Version 3, June 2007</license>
        <platform>windows</platform>
        <website>http://kodi.tv</website>
        <source>https://github.com/Lunatixz/KODI_Addons/tree/master/script.kodi.windows.update</source>
        <forum>https://forum.kodi.tv/showthread.php?tid=325226</forum>
        <news></news>
        <assets>
            <icon>resources/images/icon.png</icon>
            <fanart>resources/images/fanart.jpg</fanart>
            <screenshot>resources/images/screenshot01.png</screenshot>
            <screenshot>resources/images/screenshot02.png</screenshot>
            <screenshot>resources/images/screenshot03.png</screenshot>
        </assets>
    </extension>
</addon>
