﻿<?xml version="1.0" encoding="UTF-8" standalone="yes"?>
<addon id="repository.lunatixz.matrix" name="Lunatixz Beta Repository (Matrix)" version="1.1.0" provider-name="Lunatixz">
    <extension point="xbmc.addon.repository" name="Lunatixz Matrix Beta Repository">
        <dir>
          <info compressed="false">https://raw.githubusercontent.com/Lunatixz/KODI_Addons/matrix/addons.xml</info>
          <checksum>https://raw.githubusercontent.com/Lunatixz/KODI_Addons/matrix/addons.xml.md5</checksum>
          <datadir zip="true">https://raw.githubusercontent.com/Lunatixz/KODI_Addons/matrix/zips</datadir>
        </dir>
        <dir>
          <info compressed="false">https://raw.githubusercontent.com/PseudoTV/PseudoTV_Live/master/addons.xml</info>
          <checksum>https://raw.githubusercontent.com/PseudoTV/PseudoTV_Live/master/addons.xml.md5</checksum>
          <datadir zip="true">https://raw.githubusercontent.com/PseudoTV/PseudoTV_Live/master/zips</datadir>
        </dir>
        <dir>
          <info compressed="false">https://raw.githubusercontent.com/PseudoTV/PseudoTV_Resources/master/addons.xml</info>
          <checksum>https://raw.githubusercontent.com/PseudoTV/PseudoTV_Resources/master/addons.xml.md5</checksum>
          <datadir zip="true">https://raw.githubusercontent.com/PseudoTV/PseudoTV_Resources/master/zips</datadir>
        </dir>
    </extension>
    <extension point="xbmc.addon.metadata">
        <summary lang="en_GB">Matrix Repository</summary>
        <description lang="en_GB">Matrix Repository, for older Kodi builds install Leia or Jarvis Repository</description>
        <platform>all</platform>
        <source>https://github.com/Lunatixz/KODI_Addons</source>
        <assets>
            <icon>icon.png</icon>
        </assets>
    </extension>
</addon>
