<?xml version="1.0" encoding="UTF-8" standalone="yes"?>
<addon id="service.onidle" version="0.0.1" name="OnIdle" provider-name="Lunatixz">
    <requires>
        <import addon="xbmc.python" version="2.26.0"/>
    </requires>
    <extension point="xbmc.python.script" library="settings.py"/>
    <extension point="xbmc.service" library="service.py" start="startup"/>
    <extension point="xbmc.addon.metadata">
        <summary lang="en_GB">Idle Sleep Timer</summary>
        <description lang="en_GB">Idle Sleep Timer</description>
        <license>GNU GENERAL PUBLIC LICENSE. Version 3, June 2007</license>
        <platform>all</platform>
        <source>https://github.com/Lunatixz/XBMC_Addons/tree/master/service.onidle</source>
        <forum>https://forum.kodi.tv/showthread.php?tid=</forum>
        <news></news>
        <assets>
            <icon>icon.png</icon>
            <fanart>fanart.jpg</fanart>
        </assets>
    </extension>
</addon>