<?xml version="1.0" encoding="UTF-8" standalone="yes"?>
<addon id="screensaver.flipclock" name="Flip Clock" version="1.0.1" provider-name="Lunatixz">
    <requires>
        <import addon="xbmc.python" version="2.25.0"/>
    </requires>
	<extension point="xbmc.ui.screensaver" library="default.py"/>
    <extension point="xbmc.python.script"  library="default.py"/>
    <extension point="xbmc.addon.metadata">
        <license>GNU GENERAL PUBLIC LICENSE. Version 3, June 2007</license>
        <platform>all</platform>
        <source>https://github.com/Lunatixz/KODI_Addons/tree/master/screensaver.flipclock</source>
        <forum>https://forum.kodi.tv/showthread.php?tid=319729</forum>
        <news>Leia Compatibility</news>
        <assets>
            <icon>icon.png</icon>
            <fanart>fanart.jpg</fanart>
            <screenshot>screenshot01.png</screenshot>
            <screenshot>screenshot02.png</screenshot>
        </assets>
        <summary lang="da_DK">Flip-ur pause skærm.</summary>
        <summary lang="en_GB">Flip clock screensaver.</summary>
        <summary lang="ru_RU">Заставка Flip clock.</summary>
        <summary lang="zh_CN">翻转时钟屏幕保护程序。</summary>
        <description lang="da_DK">Flip-ur pause skærm.</description>
        <description lang="en_GB">Flip clock screensaver.</description>
        <description lang="ru_RU">Заставка Flip clock.</description>
        <description lang="zh_CN">翻转时钟屏幕保护程序。</description>
    </extension>
</addon>
