<?xml version="1.0" encoding="UTF-8" standalone="yes"?>
<addon id="script.module.schedule" version="1.0.0" name="schedule" provider-name="Lunatixz, dbader">
    <requires>
        <import addon="xbmc.python" version="3.0.0" />
    </requires>
    <extension library="lib" point="xbmc.python.module" />
    <extension point="xbmc.addon.metadata">
        <summary lang="en_GB">A Python module (schedule) modified for Kodi</summary>
        <description lang="en_GB">A Python module (schedule) modified for Kodi</description>
        <forum></forum>
        <website>https://pypi.org/project/schedule/</website>
        <license>MIT</license>
        <platform>all</platform>
        <source>https://github.com/Lunatixz/KODI_Addons/tree/master/script.module.schedule</source>
        <news></news>
        <assets>
            <icon>icon.png</icon>
        </assets>
    </extension>
</addon>
