<?xml version="1.0" encoding="UTF-8" standalone="yes"?>
<addon id="plugin.video.crackle" name="Crackle" version="2021.5.24+matrix.1" provider-name="eracknaphobia">
  <requires>
      <import addon="xbmc.python" version="3.0.0"/>
      <import addon="script.module.requests"/>
      <import addon="script.module.inputstreamhelper"/>
      <import addon="script.module.kodi-six" />
  </requires>
  <extension point="xbmc.python.pluginsource" library="main.py">
        <provides>video</provides>
  </extension>
  <extension point="xbmc.service" library="pseudotv_recommended.py"/>
  <extension point="xbmc.addon.metadata">
    <platform>all</platform>
      <news>
        - PseudoTV Live support (temporary build until eracknaphobia repository update).
      </news>
    <language>en</language>
    <platform>all</platform>
    <license>GPL-2.0-or-later</license>
    <forum></forum>
    <source>https://github.com/eracknaphobia/plugin.video.crackle</source>
    <assets>
        <icon>icon.png</icon>
        <fanart>fanart.jpg</fanart>
    </assets>
    <summary lang="da_DK">Crackle leverer populære, prisvindende tv, film og originaler. Uden grænser for, hvor meget du kan se på tværs af alle dine enheder, kan du binge alt, hvad du vil, uanset hvor du vil.</summary>
    <summary lang="en_GB">Crackle delivers popular, award-winning TV, movies and originals. With no limit to how much you can watch across all your devices, you can binge all you want, wherever you want.</summary>
    <summary lang="fi_FI">Crackle tarjoaa suosittuja ja palkittuja sarjoja, elokuvia ja omia tuotantojaan. Ilman katselumäärän rajoituksia voit nauttia sisällöstä kaikilla laitteillasi kaikkialla ja koska tahansa.</summary>
    <summary lang="ko_KR">Crackle은 수상 경력에 빛나는 인기 있는 TV, 영화 및 원본을 제공합니다. 모든 장치에서 볼 수 있는 양에 제한 없이 원하는 곳 어디서나 원하는 대로 즐길 수 있습니다.</summary>
    <summary lang="pl_PL">Crackle dostarcza popularne, nagradzane programy telewizyjne, filmy i oryginały. Bez ograniczeń co do tego, ile możesz oglądać na wszystkich swoich urządzeniach; możesz napadowo oglądać do woli, gdziekolwiek chcesz.</summary>
    <description lang="da_DK">Crackle er en distributør af videostreaming af originale webserier, Hollywoodfilm og tv-serier. Grundlagt i begyndelsen af 2000&apos;erne som Grouper og omdøbt i 2007, er Crackle ejet af Sony Pictures Entertainment.</description>
    <description lang="en_GB">Crackle is a video streaming distributor of original web shows, Hollywood movies, and TV shows. Founded in the early 2000s as Grouper, and rebranded in 2007, Crackle is owned by Sony Pictures Entertainment.</description>
    <description lang="fi_FI">Crackle on suoratoistopalvelu, joka tuottaa omia verkkosarjojaan ja jakelee Hollywood-elokuvia ja sarjoja. Crackle perustettiin 2000-luvun alussa nimellä Grouper ja nimetiin uudelleen vuonna 2007 ja sen omistaa Sony Pictures Entertainment.</description>
    <description lang="ko_KR">Crackle은 오리지널 웹 쇼, 헐리우드 영화 및 TV 쇼의 비디오 스트리밍 유통업체입니다. 2000년대 초에 Grouper로 설립되어 2007년에 브랜드 이름을 변경한 Crackle은 Sony Pictures Entertainment의 소유입니다.</description>
    <description lang="pl_PL">Crackle to dystrybutor strumieniowego przesyłania wideo oryginalnych programów internetowych, filmów z Hollywood i programów telewizyjnych. Założona na początku 2000 roku jako Grouper i przemianowana w 2007 roku, Crackle jest własnością Sony Pictures Entertainment.</description>
  </extension>
</addon>
