<?xml version="1.0" encoding="UTF-8" standalone="yes"?>
<addon id="plugin.video.crackle" name="Crackle" version="2021.5.24+matrix.1" provider-name="eracknaphobia">
  <requires>
      <import addon="xbmc.python" version="3.0.0"/>
      <import addon="script.module.requests"/>
      <import addon="script.module.inputstreamhelper"/>
      <import addon="script.module.kodi-six" />
  </requires>
  <extension point="xbmc.python.pluginsource" library="main.py">
        <provides>video</provides>
  </extension>
  <extension point="xbmc.service" library="pseudotv_recommended.py"/>
  <extension point="xbmc.addon.metadata">
    <platform>all</platform>
      <news>
        - PseudoTV Live support (temporary build until eracknaphobia repository update).
      </news>
    <language>en</language>
    <platform>all</platform>
    <license>GPL-2.0-or-later</license>
    <forum></forum>
    <source>https://github.com/eracknaphobia/plugin.video.crackle</source>
    <assets>
        <icon>icon.png</icon>
        <fanart>fanart.jpg</fanart>
    </assets>
    <summary lang="en_GB">Crackle delivers popular, award-winning TV, movies and originals. With no limit to how much you can watch across all your devices, you can binge all you want, wherever you want.</summary>
    <description lang="en_GB">Crackle is a video streaming distributor of original web shows, Hollywood movies, and TV shows. Founded in the early 2000s as Grouper, and rebranded in 2007, Crackle is owned by Sony Pictures Entertainment.</description>
  </extension>
</addon>
