<?xml version="1.0" encoding="UTF-8" standalone="yes"?>
<addon id="script.kodi.windows.update" name="Kodi Windows Installer" version="1.3.2" provider-name="Team Kodi">
    <requires>
        <import addon="xbmc.python" version="3.0.0"/>
        <import addon="script.module.six" version="1.0.0"/>
        <import addon="script.module.kodi-six" version="0.1.3.1"/>
        <import addon="script.module.simplecache" version="1.0.0"/>
        <import addon="script.module.beautifulsoup4" version="4.3.2"/>
    </requires>
    <extension point="xbmc.python.script" library="default.py"/>
    <extension point="xbmc.service" library="service.py"/>
    <extension point="xbmc.addon.metadata">
        <summary lang="en_GB">Download and Install Kodi packages.</summary>
        <description lang="en_GB">Download and Install Kodi window executables; select from  Nightlies, Releases, Snapshots and Test-builds.</description>
        <license>GNU GENERAL PUBLIC LICENSE. Version 3, June 2007</license>
        <platform>windows</platform>
        <website>http://kodi.tv</website>
        <source>https://github.com/Lunatixz/KODI_Addons/tree/master/script.kodi.windows.update</source>
        <forum>https://forum.kodi.tv/showthread.php?tid=325226</forum>
        <disclaimer lang="en_GB">UWP not supported! Not intended for Kodi installation through the Windows Store.</disclaimer>
        <news>v1.3.0[CR]-Matrix[CR]v1.1.3[CR]-PY3[CR]v1.0.7[CR]-UI Update[CR]v1.0.6[CR]-Fixed Listings[CR]v1.0.5[CR]-Improved UWP Detection[CR]v1.0.4[CR]-Improved UI[CR]v1.0.2[CR]-WIndows Platform Detection[CR]-Streamlined Navigation[CR]-Windows Version Detection[CR]v1.0.1[CR]-Improved functionality</news>
        <assets>
            <icon>resources/images/icon.png</icon>
            <fanart>resources/images/fanart.jpg</fanart>
            <screenshot>resources/images/screenshot01.png</screenshot>
            <screenshot>resources/images/screenshot02.png</screenshot>
            <screenshot>resources/images/screenshot03.png</screenshot>
            <screenshot>resources/images/screenshot04.png</screenshot>
        </assets>
    </extension>
</addon>
