<?xml version="1.0" encoding="UTF-8" standalone="yes"?>
<addon id="screensaver.system47" name="System 47 - Star Trek LCARS ScreenSaver" version="2.2g" provider-name="Lunatixz">
    <requires>
        <import addon="xbmc.python" version="2.25.0"/>
        <import addon="plugin.video.youtube" version="5.3.10"/>
        <import addon="script.module.beautifulsoup4" version="4.3.2"/>
    </requires>
    <extension point="xbmc.ui.screensaver" library="default.py"/>
    <extension point="xbmc.python.script"  library="default.py"/>
    <extension point="xbmc.addon.metadata">
        <summary lang="en_GB">System 47 - Star Trek LCARS ScreenSaver</summary>
        <description lang="en_GB">What is LCARS? LCARS is an acronym for "Library Computer Access and Retrieval System", which is the primary computer system in the universe of Star Trek's Starfleet and Federation. On many close-up shots from the Star Trek TV shows and movies, you can actually see the word, LCARS, on some computer monitor displays. For the fans, LCARS is also often used to refer the graphical displaying interface. There's actually another name for this type of graphical displays. It's "Okudagram". It is named after the inventor, Michael Okuda. Michael created it when he was the scenic art supervisor for the TV show, Star Trek: The Next Generation.</description>
        <license>GNU GENERAL PUBLIC LICENSE. Version 3, June 2007</license>
        <platform>all</platform>
        <website>http://www.mewho.com/system47/</website>
        <forum>https://forum.kodi.tv/showthread.php?tid=323285</forum>
        <source>https://github.com/Lunatixz/screensaver.system47/tree/master</source>
        <disclaimer lang="en_GB" >Streaming not recommend for metered Internet, choose download option under settings.</disclaimer>  
        <news></news>
        <assets>
            <icon>resources/images/icon.png</icon>
            <fanart>resources/images/fanart.jpg</fanart>
            <screenshot>resources/images/screenshot01.png</screenshot>
            <screenshot>resources/images/screenshot02.png</screenshot>
            <screenshot>resources/images/screenshot03.png</screenshot>
        </assets>
    </extension>
</addon>
