<?xml version="1.0" encoding="UTF-8"?>
<addon id="plugin.video.plutotv" version="1.3.7a" name="Pluto.TV" provider-name="Lunatixz">
    <requires>
        <import addon="xbmc.python" version="3.0.0"/>
        <import addon="script.module.six" version="1.0.0"/>
        <import addon="script.module.kodi-six" version="0.1.3.1"/>
        <import addon="script.module.requests" version="2.7.0"/> 
        <import addon="script.module.simplecache" version="1.0.0"/>
        <import addon="script.module.inputstreamhelper" version="0.3.3"/>
        <import addon="pvr.iptvsimple" version="6.2.1" optional="true"/>
    </requires>
    <extension point="xbmc.python.pluginsource" library="default.py">
        <provides>video</provides>
    </extension>
    <extension point="xbmc.service" library="service.py"/>
    <extension point="xbmc.addon.metadata">
        <reuselanguageinvoker>true</reuselanguageinvoker>
        <summary lang="en_GB">TV channels devoted to your favorite things, made from blockbuster movies from Paramount, ... “The genius of Pluto TV: This is real internet television”.</summary>
        <description lang="en_GB">Watch Free TV on Kodi! Stream Pluto TV's 100+ channels of news, sports, and the Internet's best, completely free on your Kodi device.</description>
        <platform>all</platform>
        <license>GPL-3.0-or-later</license>
        <source>https://github.com/Lunatixz/KODI_Addons/tree/master/plugin.video.plutotv</source>
        <website>http://pluto.tv/</website>
        <forum>http://forum.kodi.tv/showthread.php?tid=315513</forum>
        <news>v1.3.60[CR]- Matrix[CR] v1.1.6[CR]- Moved to Pluto.TV API v2+[CR]- Added PY3 Support[CR]- Major Code Refactoring[CR]v1.1.4[CR]- Back-end updates[CR]-v1.1.2[CR]- Improved usability[CR]v1.1.0[CR]- Improved UWP check [CR]- Added automatic region detection[CR]- Improved guide load times[CR]- Improved overall performance[CR]v1.0.9[CR]- Added UWP check[CR]- Improved Playback[CR]v1.0.8[CR]- Fixed parsing errors[CR]- Added uEPG guide[CR]v1.0.7[CR]- init. uEPG support.[CR]- New menu items.[CR]- Misc. Tweaks.[CR]v1.0.7[CR]- Improved browsing speed[CR]- General tweaks and improvements.[CR]v1.0.6[CR]- Added Guest Login.[CR]- Added Geoblock warning.[CR]v1.0.5[CR]- Fixed Android Login[CR]v1.0.4[CR]- Added Region Selection and Improved Region Filter[CR]- Added Startup Wizard and Improved Login Verification.[CR]v1.0.3[CR]- Fixed Menu and Tweaked cache.[CR]v1.0.2[CR]- Fixed cookie issue on android devices.[CR]- Updated cache life.[CR]v1.0.1[CR]- Fixed login cache issue.</news>
        <assets>
            <icon>resources/images/icon.png</icon>
            <fanart>resources/images/fanart.jpg</fanart>
            <screenshot>resources/images/screenshot01.jpg</screenshot>
            <screenshot>resources/images/screenshot02.jpg</screenshot>
            <screenshot>resources/images/screenshot03.jpg</screenshot>
            <screenshot>resources/images/screenshot04.jpg</screenshot>
        </assets>
    </extension>
</addon>