<?xml version="1.0" encoding="UTF-8"?>
<addon id="script.media.maintenance" version="1.1.2c" name="Media Maintenance" provider-name="Lunatixz">
    <requires>
        <import addon="xbmc.python" version="3.0.0"/>
        <import addon="script.module.requests" version="2.7.0"/> 
        <import addon="script.module.six" version="1.0.0"/>
        <import addon="script.module.kodi-six" version="0.1.3.1"/>
        <import addon="script.module.simplecache" version="1.0.0"/>
        <import addon="script.module.schedule" version="1.0.0"/>
    </requires>
    <extension point="xbmc.python.script" library="default.py"/>
    <extension point="xbmc.service" library="service.py"/>
    <extension point="kodi.context.item">
        <menu id="kodi.core.main">
            <item library="remove.py">
                <label>Remove $INFO[ListItem.DBTYPE]</label>
                <visible>[!String.IsEmpty(ListItem.DBID)|String.IsEqual(ListItem.DBTYPE,season)]</visible>
            </item>
            <menu>
                <label>Media Maintenance</label>
                <item library="context.py">
                    <label>30042</label>
                    <visible>!String.IsEmpty(ListItem.DBID) + [String.IsEqual(ListItem.DBTYPE,tvshow)|String.IsEqual(ListItem.DBTYPE,season)|String.IsEqual(ListItem.DBTYPE,episode)]</visible>
                </item>
            </menu>
        </menu>
    </extension>        
    <extension point="xbmc.addon.metadata">
        <summary lang="en_GB"></summary>
        <description lang="en_GB"></description>
        <platform>all</platform>
        <license>GPL-3.0-or-later</license>
        <source>https://github.com/Lunatixz/KODI_Addons/tree/master/script.media.maintenance</source>
        <forum>https://forum.kodi.tv/showthread.php?tid=331996</forum>
        <news>v.1.1.2[CR]-Matrix[CR]v.1.0.9[CR]-Added "Select All" TV Show monitor option[CR]-Restored 'Remove' Context Position[CR]v.1.0.8[CR]-Added New Context Options[CR]v.1.0.7[CR]-Improved Duplicate Movie Detection[CR]v.1.0.3[CR]-Added Duplicate Movie finder[CR]v.1.0.2[CR]-Misc. Improvements[CR]v.1.0.1[CR]-Added "Remove Media?" context menu option.[CR]-Improved usability.[CR]-Added scan/clean library scheduling.</news>
        <assets>
            <icon>resources/images/icon.png</icon>
            <fanart>resources/images/fanart.jpg</fanart>
        </assets>
    </extension>
</addon>