<?xml version="1.0" encoding="UTF-8" standalone="yes"?>
<window>
    <coordinates>
        <system>1</system>
        <posx>0</posx>
        <posy>0</posy>
    </coordinates>
    <controls>
      <control type="image"> 
        <description>Hide Kodi UI</description>
        <posx>0</posx>
        <posy>0</posy>
        <width>auto</width>
        <height>auto</height>
        <align>center</align>
        <aligny>center</aligny>
        <texture>white.png</texture>
        <colordiffuse>black</colordiffuse>
      </control>
      <control type="videowindow" id="41000">
        <description>Video Overlay</description>
        <posx>0</posx>
        <posy>0</posy>
        <width>auto</width>
        <height>auto</height>
        <align>center</align>
        <aligny>center</aligny>
      </control>
      <control type="label" id="30002">
        <posx>1540</posx>
        <posy>850</posy>
        <description>Time</description>
        <align>left</align>
        <font>font_clock</font>
        <shadowcolor>text_shadow</shadowcolor>
        <height>80</height>
        <width>auto</width>
        <label>[B]$INFO[System.Time][/B]</label>
        <animation effect="fade" start="50" end="50" condition="True">Conditional</animation>
        <visible>String.isEqual(Window.Property(ss_time),okay) + [Control.IsVisible(41000)]</visible>
      </control>
      <control type="label">
        <posx>1755</posx>
        <posy>930</posy>
        <description>Time</description>
        <align>left</align>
        <font>font10</font>
        <shadowcolor>text_shadow</shadowcolor>
        <height>200</height>
        <width>auto</width>
        <label>$INFO[Weather.Temperature]</label>
        <animation effect="fade" start="50" end="50" condition="True">Conditional</animation>
        <visible>[Weather.IsFetched + Control.IsVisible(30002)]</visible>
      </control>
    </controls>
</window>
