<?xml version="1.0" encoding="UTF-8" standalone="yes"?>
<addon id="screensaver.nasa" name="NASA - Images of the Day" version="0.0.1" provider-name="Lunatixz">
    <requires>
        <import addon="xbmc.python" version="2.25.0"/>
        <import addon="script.module.simplecache" version="1.0.0"/>
    </requires>
    <extension point="xbmc.ui.screensaver" library="default.py"/>
    <extension point="xbmc.python.script"  library="default.py"/>
    <extension point="xbmc.addon.metadata">
        <summary lang="en_GB">Get the latest images from America's space agency. Get the ... NASA Images of the Day.</summary>
        <description lang="en_GB"></description>
        <license>GNU GENERAL PUBLIC LICENSE. Version 3, June 2007</license>
        <platform>all</platform>
        <website>https://unsplash.com/</website>
        <forum>https://forum.kodi.tv/showthread.php?tid=339148</forum>
        <source>https://github.com/Lunatixz/screensaver.nasa/tree/master</source>
        <news>Pre-Release Beta</news>
        <assets>
            <icon>resources/images/icon.png</icon>
            <fanart>resources/images/fanart.jpg</fanart>
            <screenshot>resources/images/screenshot01.png</screenshot>
            <screenshot>resources/images/screenshot02.png</screenshot>
            <screenshot>resources/images/screenshot03.png</screenshot>
            <screenshot>resources/images/screenshot04.png</screenshot>
        </assets>
    </extension>
</addon>
