<?xml version="1.0" encoding="UTF-8" standalone="yes"?>
<addon id="script.module.pyfscache" version="0.9.14" name="File Cache" provider-name="Lunatixz">
    <requires>
        <import addon="xbmc.python" version="2.14.0" />
    </requires>
    <extension library="lib" point="xbmc.python.module" />
    <extension point="xbmc.addon.metadata">
        <summary lang="en_US"></summary>
        <description lang="en_US">packed for kodi from https://github.com/jcstroud/pyfscache</description>
        <disclaimer lang="en_US">packed for kodi from https://github.com/jcstroud/pyfscache</disclaimer>
        <forum></forum>
        <website>http://www.jamesstroud.com/software/pyfscache/</website>
        <license>BSD</license>
        <platform>all</platform>
        <source>https://github.com/jcstroud/pyfscache</source>
        <assets>
            <icon>icon.png</icon>
        </assets>
    </extension>
</addon>
