<?xml version="1.0" encoding="UTF-8" standalone="yes"?>
<addon id="script.twittertweets" name="Twitter Tweets" version="1.0.4" provider-name="Lunatixz">
    <requires>
        <import addon="xbmc.python" version="2.25.0"/>
        <import addon="script.module.beautifulsoup4" version="4.3.2"/>
    </requires>
    <extension point="xbmc.python.script" library="settings.py"/>
    <extension point="xbmc.service" library="service.py" start="login"/>
    <extension point="xbmc.addon.metadata">
        <summary lang="en_GB"></summary>
        <description lang="en_GB">Monitor your favorite twitter accounts, receive "realtime" tweets.</description>
        <license>GNU GENERAL PUBLIC LICENSE. Version 3, June 2007</license>
        <platform>all</platform>
        <website>https://twitter.com</website>
        <source>https://github.com/Lunatixz/KODI_Addons/tree/master/script.twittertweets</source>
        <forum>https://forum.kodi.tv/showthread.php?tid=317791</forum>
        <news>v1.0.4[CR]-Improved Service[CR]-Added Video Attacments (Experimental)[CR]-Increased Close Times[CR]-Adjusted Refresh Rates[CR]v1.0.3[CR]-Added Ignore Pinned Tweets.[CR]-Added Account Verified Flag.[CR]-Added Option to "Display Attacment".[CR]-Added Option to "Include Retweets".[CR]-Improved service.[CR]v1.0.2[CR]-Improved service.[CR]-Corrected tweet times.[CR]-Improved overall functionality.[CR]v1.0.1[CR]-Improved Images and Service.</news>
        <assets>
            <icon>resources/images/icon.png</icon>
            <fanart>resources/images/fanart.jpg</fanart>
            <screenshot>resources/images/screenshot01.png</screenshot>
            <screenshot>resources/images/screenshot02.png</screenshot>
            <screenshot>resources/images/screenshot03.png</screenshot>
            <screenshot>resources/images/screenshot04.png</screenshot>
        </assets>
    </extension>
</addon>
