<?xml version="1.0" encoding="UTF-8" standalone="yes"?>
<addon id="script.pystone.benchmark" name="CPU Benchmark" version="1.2.1" provider-name="Lunatixz">
    <requires>
        <import addon="xbmc.python" version="3.0.0"/>
        <import addon="script.module.kodi-six" version="0.1.3.1"/>
        <import addon="script.module.requests" version="0.0.1"/>
    </requires>
    <extension point="xbmc.python.pluginsource" library="default.py">
        <provides>executable</provides>
    </extension>
    <extension point="xbmc.addon.metadata">
        <summary lang="en_GB">Test your devices python performance.</summary>
        <description lang="en_GB">How fast does your device run python code? Pystone evaluates CPU performance running in a python environment.</description>
        <license>MIT</license>
        <platform>all</platform>
        <source>https://github.com/Lunatixz/Kodi_Addons/tree/master/script.pystone.benchmark</source>
        <news>v.1.1.6-Piers</news>
        <forum>http://forum.kodi.tv/showthread.php?tid=314081</forum>
        <assets>
            <icon>resources/images/icon.png</icon>
            <fanart>resources/images/fanart.jpg</fanart>
            <screenshot>resources/images/screenshot01.jpg</screenshot>
        </assets>
    </extension>
</addon>
