<?xml version="1.0" encoding="UTF-8"?>
<addon id="plugin.video.hsn" version="1.0.2" name="HSN" provider-name="Lunatixz">
    <requires>
        <import addon="xbmc.python" version="2.25.0"/>
        <import addon="script.module.simplecache" version="1.0.0"/>
        <import addon="plugin.video.youtube" version="5.5.1"/>
        <import addon="script.module.beautifulsoup4" version="4.3.2"/>
    </requires>
    <extension point="xbmc.python.pluginsource" library="default.py">
        <provides>video</provides>
    </extension>
    <extension point="xbmc.addon.metadata">
        <summary lang="en_GB">Watch HSN and HSN2 Live or Pre-Recorded content with guide.</summary>
        <description lang="en_GB"></description>
        <platform>all</platform>
        <license>GNU GENERAL PUBLIC LICENSE. Version 3, June 2007</license>
        <source>https://github.com/Lunatixz/KODI_ADDONS/tree/master/plugin.video.hsn</source>
        <website>https://www.hsn.com</website>
        <news>v1.0.1[CR]-Small fix</news>
        <forum>https://forum.kodi.tv/showthread.php?tid=328954</forum>
        <assets>
            <icon>resources/images/icon.png</icon>
            <fanart>resources/images/fanart.jpg</fanart>
            <screenshot>resources/images/screenshot01.png</screenshot>
            <screenshot>resources/images/screenshot02.png</screenshot>
            <screenshot>resources/images/screenshot03.png</screenshot>
        </assets>
    </extension>
</addon>
