<?xml version="1.0" encoding="UTF-8"?>
<addon id="plugin.video.cbr" version="1.0.0" name="CBR.com" provider-name="Lunatixz">
    <requires>
        <import addon="xbmc.python" version="2.25.0"/>
        <import addon="script.module.simplecache" version="1.0.0"/>
        <import addon="script.module.beautifulsoup4" version="4.3.2"/>
    </requires>
    <extension point="xbmc.python.pluginsource" library="default.py">
        <provides>video</provides>
    </extension>
    <extension point="xbmc.addon.metadata">
        <summary lang="en_GB">CBR.com - The World's Top Destination For Comic, Movie &amp; TV news.</summary>
        <description lang="en_GB">Comic Book Resources, also known as CBR, is a website dedicated to the coverage of comic book-related news and discussion.</description>
        <platform>all</platform>
        <license>GNU GENERAL PUBLIC LICENSE. Version 3, June 2007</license>
        <source>https://github.com/Lunatixz/KODI_ADDONS/tree/master/plugin.video.cbr</source>
        <website>https://www.cbr.com</website>
        <forum>https://forum.kodi.tv/showthread.php?tid=331825</forum>
        <assets>
            <icon>resources/images/icon.png</icon>
            <fanart>resources/images/fanart.jpg</fanart>
            <screenshot>resources/images/screenshot01.png</screenshot>
            <screenshot>resources/images/screenshot02.png</screenshot>
            <screenshot>resources/images/screenshot03.png</screenshot>
        </assets>
    </extension>
</addon>
