<?xml version="1.0" encoding="UTF-8" standalone="yes"?>
<addon id="script.module.pylast" version="3.2.0+matrix.2" name="pyLastFM" provider-name="Lunatixz, hugovk, Amr Hassan">
    <requires>
        <import addon="xbmc.python" version="3.0.0" />
    </requires>
    <extension library="lib" point="xbmc.python.module" />
    <extension point="xbmc.addon.metadata">
        <summary lang="en_GB">A Python interface to Last.fm and Libre.fm</summary>
        <description lang="en_GB">A Python interface to Last.fm and Libre.fm</description>
        <website>https://pypi.org/project/pylast/</website>
        <license>Apache-2.0</license>
        <platform>all</platform>
        <source>https://github.com/pylast/pylast</source>
		<assets>
			<icon>icon.png</icon>
		</assets>
    </extension>
</addon>
