<?xml version="1.0" encoding="UTF-8" standalone="yes"?>
<addon id="service.pvr.channels.cleaner" version="1.0.0" name="ChannelsDVR PVR Cleaning Service" provider-name="Lunatixz">
    <requires>
        <import addon="xbmc.python" version="3.0.0"/>
        <import addon="script.module.kodi-six" version="0.1.3.1"/>
    </requires>
    <extension point="xbmc.service" library="service.py"/>
    <extension point="xbmc.python.script" library="settings.py"/>
    <extension point="xbmc.addon.metadata">
        <license>GPL-3.0-or-later</license>
        <platform>all</platform>
        <source>https://github.com/Lunatixz/Kodi_Addons/tree/master/service.pvr.channels.cleaner</source>
        <forum>https://forum.kodi.tv/showthread.php</forum>
        <assets>
            <icon>icon.png</icon>
        </assets>
        <summary lang="en_GB">Clean ChannelsDVR PVR Buffer</summary>
        <description lang="en_GB">Left unchecked ChannelsPVR backend can eat up storage with leftover live tv buffers. This service cleans all inactive buffers!</description>
        <disclaimer lang="en_GB">For Personal use; not meant for general use</disclaimer>
    </extension>
</addon>