<?xml version="1.0" encoding="UTF-8"?>
<addon id="plugin.video.channelsdvr" version="1.1.9a" name="Channels DVR" provider-name="Lunatixz">
    <requires>
        <import addon="xbmc.python" version="3.0.0"/>
        <import addon="script.module.six" version="1.0.0"/>
        <import addon="script.module.kodi-six" version="0.1.3.1"/>
        <import addon="script.module.requests" version="2.7.0"/> 
        <import addon="script.module.simplecache" version="1.0.0"/>
        <import addon="script.module.routing" version="0.2.3"/>
        <import addon="script.module.inputstreamhelper" version="0.3.3"/>
        <import addon="inputstream.ffmpegdirect" version="1.16.0"/>
        <import addon="pvr.iptvsimple" version="7.5.0" optional="true"/>
        <import addon="service.iptv.manager" version="0.2.2" optional="true"/>
    </requires>
    <extension point="xbmc.python.pluginsource" library="default.py">
        <provides>video</provides>
    </extension>
    <extension point="xbmc.service" library="pseudotv_recommended.py"/>
    <extension point="xbmc.addon.metadata">
        <reuselanguageinvoker>true</reuselanguageinvoker>
        <platform>all</platform>
        <license>GPL-3.0-or-later</license>
        <source>https://github.com/Lunatixz/KODI_Addons/tree/master/plugin.video.channelsdvr</source>
        <website>https://getchannels.com/</website>
        <forum>http://forum.kodi.tv/showthread.php?tid=357406</forum>
        <news>v.1.1.9[CR]- Playback Tweaks[CR]v.1.1.1[CR]- Matrix Support[CR]- IPTV Simple integration[CR]- Added timeshift support (enable in iptv-simple).[CR]- PseudoTV Live integration</news>
        <assets>
            <icon>resources/images/icon.png</icon>
            <fanart>resources/images/fanart.jpg</fanart>
            <screenshot>resources/images/screenshot01.png</screenshot>
            <screenshot>resources/images/screenshot02.png</screenshot>
            <screenshot>resources/images/screenshot03.png</screenshot>
            <screenshot>resources/images/screenshot04.png</screenshot>
        </assets>
        <summary lang="en_GB">Live TV, everywhere</summary>
        <description lang="en_GB">Watch your favorite programs on Kodi. Channels delivers a unified experience across all your TVs, devices, and streaming platforms.</description>
    </extension>
</addon>