<?xml version="1.0" encoding="UTF-8" standalone="yes"?>
<addon id="plugin.video.playonbrowser" name="PlayOn Browser" version="2.1.0" provider-name="Lunatixz">
    <requires>
        <import addon="xbmc.python" version="3.0.0"/>
        <import addon="script.module.six" version="1.0.0"/>
        <import addon="script.module.kodi-six" version="0.1.3.1"/>
        <import addon="script.module.simplecache" version="1.0.0"/>
        <import addon="script.module.xmltodict" version="0.9.0"/>
    </requires>
    <extension point="xbmc.python.pluginsource" library="default.py">
        <provides>video</provides>
    </extension>
    <extension point="xbmc.addon.metadata">
        <platform>all</platform>
        <reuselanguageinvoker>true</reuselanguageinvoker>
        <license>GPL-3.0-or-later</license>
        <forum>http://forum.kodi.tv/showthread.php?tid=233136</forum>
        <website>https://www.playon.tv</website>
        <source>https://github.com/Lunatixz/KODI_Addons/tree/master/plugin.video.playonbrowser</source>
        <news>>v.2.0.8[CR]- Matrix[CR]v.2.0.4[CR]- Updated Auto-IP detection[CR]v.2.0.3[CR]- Added Search function[CR]- Added Auto-IP detection[CR]-v.2.0.2[CR]- Improved UPNPID detection[CR]- URL caching improvements[CR]v.2.0.1[CR]- Fixed PlayLater playback[CR]v.2.0.0[CR]- Refactored and optimized Code.[CR]- Added PlayLater Recording via Context Menu.</news>
        <assets>
            <icon>resources/images/icon.png</icon>
            <fanart>resources/images/fanart.jpg</fanart>
            <screenshot>resources/images/screenshot01.png</screenshot>
            <screenshot>resources/images/screenshot02.png</screenshot>
            <screenshot>resources/images/screenshot03.png</screenshot>
            <screenshot>resources/images/screenshot04.png</screenshot>
        </assets>
        <summary lang="da_DK">Gennemse PlayOn fra Kodi.</summary>
        <summary lang="de_DE">PlayOn über Kodi durchblättern.</summary>
        <summary lang="en_GB">Browse PlayOn from Kodi.</summary>
        <summary lang="es_ES">Navega por PlayOn desde Kodi.</summary>
        <summary lang="es_MX">Explora PlayOn desde Kodi.</summary>
        <summary lang="it_IT">Sfoglia PlayOn da Kodi.</summary>
        <summary lang="pl_PL">Przeglądaj PlayOn z Kodi.</summary>
        <summary lang="pt_BR">Navegarpelo PlayOn do Kodi.</summary>
        <summary lang="ru_RU">Просматривайте PlayOn из Kodi.</summary>
        <summary lang="sv_SE">Bläddra i PlayOn från Kodi.</summary>
        <description lang="da_DK">PlayOn er et streaming mediemærke og softwaresuite, der gør det muligt for brugere at se og optage videoer fra adskillige online indholdsudbydere.</description>
        <description lang="de_DE">PlayOn ist eine Medienstreaming-Marke und eine Software-Suite, die es Nutzern ermöglicht, Videos von zahlreichen Online-Anbietern anzusehen und aufzunehmen.</description>
        <description lang="en_GB">PlayOn is a streaming media brand and software suite that enables users to view and record videos from numerous online content providers.</description>
        <description lang="es_ES">PlayOn es una marca de transmisión de contenidos multimedia y un paquete de software que permite a los usuarios ver y grabar vídeos de numerosos proveedores de contenidos en línea.</description>
        <description lang="es_MX">PlayOn es una compañía de transmisión de medios y una suite de software que permite a sus usuarios ver y grabar videos de numerosos proveedores de contenido en línea.</description>
        <description lang="it_IT">PlayOn è un marchio di streaming multimediale e una suite di software che consente agli utenti di visualizzare e registrare video da numerosi fornitori di contenuti online.</description>
        <description lang="pl_PL">PlayOn to marka mediów strumieniowych i pakiet oprogramowania, który umożliwia użytkownikom oglądanie i nagrywanie filmów wideo od wielu dostawców treści online.</description>
        <description lang="pt_BR">O PlayOn é uma marca de mídia de streaming e pacote de software que permite aos usuários visualizar e gravar vídeos de vários provedores de conteúdo online.</description>
        <description lang="ru_RU">PlayOn - это бренд потокового мультимедиа и программный пакет, который позволяет пользователям просматривать и записывать видео от многочисленных поставщиков онлайн контента.</description>
        <description lang="sv_SE">PlayOn är ett varumärke för strömmande media och en programvarusvit som gör det möjligt för användare att visa och spela in videor från ett stort antal leverantörer av onlineinnehåll.</description>
        <disclaimer lang="da_DK">Kræver Playon server software</disclaimer>
        <disclaimer lang="de_DE">Erfordert Playon-Serversoftware</disclaimer>
        <disclaimer lang="en_GB">Requires Playon Server Software</disclaimer>
        <disclaimer lang="es_ES">Requiere el software Playon Server</disclaimer>
        <disclaimer lang="es_MX">Requiere el software de servidor Playon</disclaimer>
        <disclaimer lang="it_IT">Richiede il software Playon Server</disclaimer>
        <disclaimer lang="pl_PL">Wymaga oprogramowania serwera Playon</disclaimer>
        <disclaimer lang="pt_BR">Requer o Software Servidor Playon</disclaimer>
        <disclaimer lang="ru_RU">Требуется серверное ПО Playon</disclaimer>
        <disclaimer lang="sv_SE">Kräver serverprogramvaran för PlayOn</disclaimer>
    </extension>
</addon>