<?xml version="1.0" encoding="UTF-8"?>
<addon id="plugin.video.xumotv" version="1.0.3" name="Xumo.TV" provider-name="Lunatixz">
    <requires>
        <import addon="xbmc.python" version="2.25.0"/>
        <import addon="script.module.simplecache" version="1.0.0"/>
        <import addon="script.module.uepg" version="1.0.6"/>
        <import addon="script.module.inputstreamhelper" version="0.3.3"/>
    </requires>
    <extension point="xbmc.python.pluginsource" library="default.py">
        <provides>video</provides>
    </extension>
    <extension point="xbmc.addon.metadata">
        <platform>android freebsd ios linux osx windows</platform>
        <license>GNU GENERAL PUBLIC LICENSE. Version 3, June 2007</license>
        <source>https://github.com/Lunatixz/KODI_ADDONS/tree/master/plugin.video.xumotv</source>
        <website>www.xumo.tv</website>
        <news>v.1.0.1[CR]- Fixed Menu Errors</news>
        <forum>https://forum.kodi.tv/showthread.php?tid=335453</forum>
        <assets>
            <icon>resources/images/icon.png</icon>
            <fanart>resources/images/fanart.jpg</fanart>
            <screenshot>resources/images/screenshot01.png</screenshot>
            <screenshot>resources/images/screenshot02.png</screenshot>
            <screenshot>resources/images/screenshot03.png</screenshot>
        </assets>
        <description lang="da_DK">Xumo.TV bringer dig det bedste indhold fra digitale netværk, præsenteret ligesom kanalerne på dit tv og dine mobile enheder, kun med flere fede funktioner.</description>
        <description lang="de_DE">Xumo.TV bietet die besten Inhalte von digitalen Netzwerken, die genau wie die Sender auf dem Fernseher und mobilen Geräten präsentiert werden, nur mit mehr coolen Features.</description>
        <description lang="en_GB">Xumo.TV brings you the best content from digital networks, presented just like the channels on your TV and mobile devices, only with more cool features.</description>
        <description lang="es_ES">Xumo.TV te trae los mejores contenidos de las redes digitales, presentados igual que los canales de tu televisor y dispositivos móviles, sólo que con más características interesantes.</description>
        <description lang="fi_FI">Xumo.TV tuo sinulle parhaan sisällön digitaalisista verkoista televisiokanavien ja mobiililaitteiden tapaan, hienoilla lisäominaisuuksilla.</description>
        <description lang="it_IT">Xumo.TV ti offre i migliori contenuti delle reti digitali, presentati proprio come i canali della TV e dei dispositivi mobili, ma con funzionalità più interessanti.</description>
        <description lang="ko_KR">Xumo.TV는 디지털 네트워크에서 제공하는 최고의 콘텐츠를 제공하고, TV 및 모바일 장치의 채널처럼 더 멋진 기능을 제공합니다.</description>
        <description lang="ru_RU">Xumo.TV предлагает вам лучший контент из цифровых сетей, представленный так же, как каналы на вашем телевизоре и мобильных устройствах, только с более крутыми функциями.</description>
    </extension>
</addon>
