﻿<?xml version="1.0" encoding="UTF-8" standalone="yes"?>
<addon id="repository.lunatixz.leia" name="Lunatixz Beta Repository (Krypton/Leia)" version="1.0.7" provider-name="Lunatixz">
    <requires>
        <import addon="xbmc.python" version="2.25.0"/>
    </requires>
    <extension point="xbmc.addon.repository" name="Lunatixz Leia Beta Repository">
        <info compressed="false">http://raw.github.com/Lunatixz/KODI_Addons/leia/addons.xml</info>
        <checksum>http://raw.github.com/Lunatixz/KODI_Addons/leia/addons.xml.md5</checksum>
        <datadir zip="true">http://raw.github.com/Lunatixz/KODI_Addons/leia/zips</datadir>
    </extension>
    <extension point="xbmc.addon.metadata">
        <summary lang="en_GB"></summary>
        <description lang="en_GB"></description>
        <platform>all</platform>
        <source>http://raw.github.com/Lunatixz/KODI_Addons/leia</source>
        <assets>
            <icon>icon.png</icon>
        </assets>
    </extension>
</addon>
