<?xml version="1.0" encoding="UTF-8"?>
<addon id="plugin.video.spiketv" version="1.0.1" name="Spike" provider-name="Lunatixz">
    <requires>
        <import addon="xbmc.python" version="2.25.0"/>
        <import addon="script.module.simplecache" version="1.0.0"/>
        <import addon="script.module.youtube.dl" version="17.0.0"/>
    </requires>
    <extension point="xbmc.python.pluginsource" library="default.py">
        <provides>video</provides>
    </extension>
    <extension point="xbmc.addon.metadata">
        <summary lang="en_GB">Watch full episodes and exclusive show highlights from your favorite Spike shows.</summary>
        <description lang="en_GB">Spike delivers original entertainment that informs, engages, inspires and above all push the boundaries of the unexpected with series like Bar Rescue, Lip Sync Battle, Ink Master, Catch a Contractor and the combat sports block Friday Night Lights Out.</description>
        <platform>all</platform>
        <license>GNU GENERAL PUBLIC LICENSE. Version 3, June 2007</license>
        <source>https://github.com/Lunatixz/plugin.video.spiketv/tree/master</source>
        <website>http://spiketv.com</website>
        <news>v.1.0.1[CR]-Fixed Playback order[CR]-Improved Menu</news>
        <forum>https://forum.kodi.tv/showthread.php?tid=323852</forum>
        <assets>
            <icon>resources/images/icon.png</icon>
            <fanart>resources/images/fanart.jpg</fanart>
            <screenshot>resources/images/screenshot01.png</screenshot>
            <screenshot>resources/images/screenshot02.png</screenshot>
            <screenshot>resources/images/screenshot03.png</screenshot>
        </assets>
    </extension>
</addon>
