<?xml version="1.0" encoding="UTF-8" standalone="yes"?>
<addon id="screensaver.unsplash" name="Unsplash Photo Screensaver" version="1.0.6a" provider-name="Lunatixz">
    <requires>
        <import addon="xbmc.python" version="2.25.0"/>
        <import addon="script.module.six" version="1.0.0"/>
    </requires>
    <extension point="xbmc.ui.screensaver" library="default.py"/>
    <extension point="xbmc.python.script"  library="default.py"/>
    <extension point="xbmc.addon.metadata">
        <summary lang="en_GB">Beautiful, free photos. Gifted by the world's most generous community of photographers.</summary>
        <description lang="en_GB">Beautiful, free photos. Gifted by the world's most generous community of photographers.</description>
        <license>GNU GENERAL PUBLIC LICENSE. Version 3, June 2007</license>
        <platform>all</platform>
        <website>https://unsplash.com/</website>
        <forum>https://forum.kodi.tv/showthread.php?tid=320095</forum>
        <source>https://github.com/Lunatixz/KODI_Addons/tree/master/screensaver.unsplash</source>
        <news>v.1.0.6[CR]- Python3[CR]v.1.0.4[CR]- Added "Preferred Resolution" setting.[CR]v.1.0.3[CR]- Leia compatibility.[CR]v.1.0.2[CR]- Added Image pre-cashing and fallback.[CR]v.1.0.1[CR]- Added User and Collection Mode</news>
        <assets>
            <icon>resources/images/icon.png</icon>
            <fanart>resources/images/fanart.jpg</fanart>
            <screenshot>resources/images/screenshot01.png</screenshot>
            <screenshot>resources/images/screenshot02.png</screenshot>
            <screenshot>resources/images/screenshot03.png</screenshot>
            <screenshot>resources/images/screenshot04.png</screenshot>
        </assets>
    </extension>
</addon>
