<?xml version="1.0" encoding="UTF-8"?>
<addon id="plugin.video.plutotv" version="1.6.3" name="Pluto TV" provider-name="Lunatixz">
    <requires>
        <import addon="xbmc.python" version="3.0.0"/>
        <import addon="script.module.six" version="1.0.0"/>
        <import addon="script.module.kodi-six" version="0.1.3.1"/>
        <import addon="script.module.requests" version="2.7.0"/> 
        <import addon="script.module.simplecache" version="1.0.0"/>
        <import addon="script.module.routing" version="0.2.3"/>
        <import addon="script.module.inputstreamhelper" version="0.3.3"/>
        <import addon="service.iptv.manager" version="0.2.2" optional="true"/>
    </requires>
    <extension point="xbmc.python.pluginsource" library="default.py">
        <provides>video</provides>
    </extension>
    <extension point="xbmc.service" library="pseudotv_recommended.py"/>
    <extension point="xbmc.addon.metadata">
        <reuselanguageinvoker>false</reuselanguageinvoker>
        <platform>all</platform>
        <license>GPL-3.0-or-later</license>
        <source>https://github.com/Lunatixz/KODI_Addons/tree/master/plugin.video.plutotv</source>
        <website>http://pluto.tv/</website>
        <forum>http://forum.kodi.tv/showthread.php?tid=315513</forum>
        <news>v1.5.0[CR]- Matrix Support[CR]</news>
        <assets>
            <icon>resources/images/icon.png</icon>
            <fanart>resources/images/fanart.jpg</fanart>
            <screenshot>resources/images/screenshot01.jpg</screenshot>
            <screenshot>resources/images/screenshot02.jpg</screenshot>
            <screenshot>resources/images/screenshot03.jpg</screenshot>
            <screenshot>resources/images/screenshot04.jpg</screenshot>
        </assets>   
        <summary lang="da_DK">Tv-kanaler dedikeret til dine yndlingsting, lavet af storfilm fra Paramount... &quot;Det geniale ved Pluto TV: dette er ægte internet-tv&quot;.</summary>
        <summary lang="de_DE">TV Kanäle gewidmet für deine Vorlieben, gemacht von Blockbuster Movies von Paramount, ... &quot;Das Genie von Pluto-TV: Das ist das echte Internet Fernsehen&quot;.</summary>
        <summary lang="en_GB">TV channels devoted to your favorite things, made from blockbuster movies from Paramount, ... “The genius of Pluto TV: This is real internet television”.</summary>
        <summary lang="fi_FI">Suosikkiasioillesi omistettuja TV-kanavia, jotka koostuvat Paramountin menestyselokuvista... &quot;Pluto TV:n neroutta: Tämä on todellinen Internet-televisio&quot;.</summary>
        <summary lang="it_IT">Canali TV dedicati alle tue cose preferite, ai film di successo della Paramount, ... &quot;Il genio di Pluto TV: questa è la vera televisione su Internet&quot;.</summary>
        <summary lang="sv_SE">TV-kanaler ägnade åt dina favoritsaker, gjorda av storfilmer från Paramount, ... &quot;Genialiteten med Pluto TV: Det här är riktig internet-TV&quot;.</summary>
        <description lang="da_DK">Se gratis tv i Kodi! Stream Pluto TV&apos;s mere end 100 kanaler med nyheder, sport og internettets bedste, helt gratis på din Kodi-enhed.</description>
        <description lang="de_DE">Schaue freie TV Kanäle mit Kodi! Streame mehr als 100 Kanäle von Pluto TV mit Nachrichten, Sport, und dem besten aus dem Internet, komplett kostenlos auf deinem Kodi Gerät.</description>
        <description lang="en_GB">Watch Free TV on Kodi! Stream Pluto TV&apos;s 100+ channels of news, sports, and the Internet&apos;s best, completely free on your Kodi device.</description>
        <description lang="fi_FI">Katso televisiota ilmaiseksi Kodissa! Suoratoista Pluto TV:n yli 100 uutis-, urheilu- ja Internet-kanavaa täysin veloituksetta Kodi-laitteellasi.</description>
        <description lang="it_IT">Guarda la TV gratis su Kodi! Riproduci in streaming gli oltre 100 canali di notizie, sport e Internet di Pluto TV, completamente gratuiti sul tuo dispositivo Kodi.</description>
        <description lang="sv_SE">Titta på gratis TV på Kodi! Strömma Pluto-TV:s 100+ kanaler med nyheter, sport och internets bästa, helt gratis på din Kodi-enhet.</description>
    </extension>
</addon>