<?xml version="1.0" encoding="UTF-8" standalone="yes"?>
<addon id="service.moduleauditor" version="0.1.0" name="Kodi Module Auditor" provider-name="Team Kodi">
    <requires>
        <import addon="xbmc.python" version="2.25.0"/>
        <import addon="script.module.schedule" version="0.5.0"/>
        <import addon="script.module.simplecache" version="1.0.0"/>
    </requires>
    <extension point="xbmc.python.script" library="scan.py"/>
    <extension point="xbmc.service" library="service.py" start="startup"/>
    <extension point="xbmc.addon.metadata">
        <summary lang="en_GB">Scan and Compare installed modules w/official Kodi repository. </summary>
        <description lang="en_GB"></description>
        <license>GNU GENERAL PUBLIC LICENSE. Version 3, June 2007</license>
        <platform>all</platform>
        <source>https://github.com/Lunatixz/XBMC_Addons/tree/master/service.moduleauditor</source>
        <forum>https://forum.kodi.tv/showthread.php?tid=335539</forum>
        <disclaimer lang="en_GB">Module Auditor does not prevent nor protect you from Mal-ware. A clean scan does not guarantee a system free o Malware. Use common sense when installing third-party repositories.</disclaimer>
        <news></news>
        <assets>
            <icon>resources/images/icon.png</icon>
            <fanart>resources/images/fanart.jpg</fanart>
            <screenshot>resources/images/screenshot01.png</screenshot>
            <screenshot>resources/images/screenshot02.png</screenshot>
            <screenshot>resources/images/screenshot03.png</screenshot>
            <screenshot>resources/images/screenshot04.png</screenshot>
        </assets>
    </extension>
</addon>