﻿<?xml version="1.0" encoding="UTF-8" standalone="yes"?>
<addon id="repository.lunatixz" name="Lunatixz Beta Repository" version="1.0.4" provider-name="Lunatixz">
    <extension point="xbmc.addon.repository" name="Lunatixz Beta Repository">
        <info compressed="false">https://github.com/Lunatixz/KODI_Addons/raw/master/addons.xml</info>
        <checksum>https://github.com/Lunatixz/KODI_Addons/raw/master/addons.xml.md5</checksum>
        <datadir zip="true">https://github.com/Lunatixz/KODI_Addons/raw/master/zips/</datadir>
    </extension>
    <extension point="xbmc.addon.metadata">
        <summary lang="en_GB">Lunatixz Beta Repository</summary>
        <description lang="en_GB"></description>
        <platform>all</platform>
        <source>https://github.com/Lunatixz/KODI_Addons/</source>
        <assets>
            <icon>icon.png</icon>
        </assets>
    </extension>
</addon>
