<?xml version="1.0" encoding="UTF-8"?>
<addon id="plugin.video.hdhomerun.simple" name="HDHomerun Simple" provider-name="Lunatixz" version="1.0.2">
    <requires>
        <import addon="xbmc.python" version="2.25.0"/> 
        <import addon="script.module.pyhdhr" version="1.0.5"/>
        <import addon="script.module.simplecache" version="1.0.0"/>
        <import addon="script.module.uepg" version="1.0.3"/>
    </requires>
    <extension point="xbmc.python.pluginsource" library="default.py">
        <provides>video</provides>
    </extension>
    <extension point="xbmc.service" library="service.py" start="login"/>
    <extension point="xbmc.addon.metadata">
        <summary lang="en_GB">Simple HDHomeRun Interface.</summary>
        <description lang="en_GB">Automatically find all the compatible HDHomeRun devices on your network, Simple and Easy HDHomeRun Interface.</description>
        <disclaimer lang="en_GB">Requires a compatible HDHomeRun device</disclaimer>
        <platform>all</platform>
        <license>GNU GENERAL PUBLIC LICENSE. Version 3, June 2007</license>
        <source>https://github.com/Lunatixz/KODI_Addons/tree/master/plugin.video.hdhomerun.simple</source>
        <website>https://www.hdhomerun.com</website>
        <forum>https://forum.kodi.tv/showthread.php?tid=327117</forum>
        <news>v1.0.2[CR]- Fixed Recordings[CR]</news>
        <assets>
            <icon>resources/images/icon.png</icon>
            <fanart>resources/images/fanart.jpg</fanart>
            <screenshot>resources/images/screenshot01.png</screenshot>
            <screenshot>resources/images/screenshot02.png</screenshot>
            <screenshot>resources/images/screenshot03.png</screenshot>
            <screenshot>resources/images/screenshot04.png</screenshot>
            <screenshot>resources/images/screenshot05.png</screenshot>
        </assets>
    </extension>
</addon>