<?xml version="1.0" encoding="UTF-8" standalone="yes"?>
<addon id="service.smartthings" version="1.0.3" name="Smartthings Monitor" provider-name="Lunatixz">
    <requires>
        <import addon="xbmc.python" version="2.25.0"/>
        <import addon="script.module.requests" version="2.9.1"/>
        <import addon="script.module.beautifulsoup4" version="4.3.2"/>
    </requires>
    <extension point="xbmc.python.pluginsource" library="default.py">
        <provides>executable</provides>
    </extension>
    <extension point="xbmc.service" library="service.py" start="login"/>
    <extension point="xbmc.addon.metadata">
        <summary lang="en_GB">Receive realtime updates from your Smartthings Hub.</summary>
        <description lang="en_GB">Monitor user selected device events, receive Temperature and Battery level warnings.</description>
        <license>GNU GENERAL PUBLIC LICENSE. Version 3, June 2007</license>
        <platform>all</platform>
        <source>https://github.com/Lunatixz/service.smartthings/tree/master</source>
        <forum>https://forum.kodi.tv/showthread.php?tid=324405</forum>
        <news>v.1.0.3[CR]-Service Improvments[CR]-Disabled Event Notification by default[CR]v.1.0.1[CR]-Fixed Incorrect Password Loop</news>
        <assets>
            <icon>resources/images/icon.png</icon>
            <fanart>resources/images/fanart.jpg</fanart>
            <screenshot>resources/images/screenshot01.png</screenshot>
            <screenshot>resources/images/screenshot02.png</screenshot>
            <screenshot>resources/images/screenshot03.png</screenshot>
        </assets>
    </extension>
</addon>