<?xml version="1.0" encoding="UTF-8"?>
<window>
    <allowoverlay>no</allowoverlay>
    <zorder>1</zorder>
    <coordinates>
        <left>0</left>
        <top>0</top>
    </coordinates> 
    <backgroundcolor>0</backgroundcolor>
    <controls>         
        <control type="image">
            <top>0</top>
            <left>0</left>
            <width>1920</width>
            <height>1080</height>
            <texture>background.png</texture>
        </control>
        <control type="grouplist">
            <description>Left Side Top (Weather)</description>
            <top>0</top>
            <left>20</left>
            <itemgap>10</itemgap>
            <orientation>vertical</orientation>
            <control type="label">
                <description>Greeting</description>
                <width>800</width>
                <height>40</height>
                <info>Window(10000).Property(Mirror.GREETING)</info>
                <font>font30_title</font>
                <align>left</align>
            </control>
            <control type="label">
                <description>Greeting</description>
                <width>800</width>
                <height>30</height>
                <info>Window(10000).Property(Mirror.NAME)</info>
                <font>font16</font>
                <align>left</align>
            </control>
            <control type="group">
                <top>400</top>
                <control type="label">
                    <description>Weather Temperature</description>
                    <width>800</width>
                    <height>80</height>
                    <label>$INFO[Weather.Temperature]</label>
                    <font>WeatherTemp</font>
                    <align>left</align>
                    <visible effect="fade" time="250">Weather.IsFetched</visible>
                </control>
                <control type="image">
                    <left>250</left>
                    <description>Weather conditions</description>
                    <width>150</width>
                    <height>150</height>
                    <texture>$INFO[Weather.Conditions]</texture>
                    <colordiffuse>98FFFFFFF</colordiffuse>
                    <visible effect="fade" time="250">Weather.IsFetched</visible>
                </control>
            </control>
        </control>
        <control type="grouplist">
            <description>Left Side Bottom (News)</description>
            <top>540</top>
            <left>20</left>
            <itemgap>10</itemgap>
            <orientation>vertical</orientation>
            <control type="group">
                <control type="image">
                    <top>0</top>
                    <left>0</left>
                    <width>80</width>
                    <height>80</height>
                    <align>left</align>
                    <aligny>top</aligny>
                    <texture>news.png</texture>
                </control>
                <control type="label">
                    <top>0</top>
                    <left>100</left>
                    <width>800</width>
                    <height>80</height>
                    <align>left</align>
                    <aligny>bottom</aligny>
                    <info>Window(10000).Property(Mirror.NEWS_1)</info>
                </control>
            </control>
            <control type="group">
                <control type="image">
                    <top>100</top>
                    <left>0</left>
                    <width>80</width>
                    <height>80</height>
                    <align>left</align>
                    <aligny>top</aligny>
                    <texture>news.png</texture>
                </control>
                <control type="label">
                    <top>100</top>
                    <left>100</left>
                    <width>800</width>
                    <height>80</height>
                    <align>left</align>
                    <aligny>bottom</aligny>
                    <info>Window(10000).Property(Mirror.NEWS_2)</info>
                </control>
            </control>
            <control type="group">
                <control type="image">
                    <top>200</top>
                    <left>0</left>
                    <width>80</width>
                    <height>80</height>
                    <align>left</align>
                    <aligny>top</aligny>
                    <texture>news.png</texture>
                </control>
                <control type="label">
                    <top>200</top>
                    <left>100</left>
                    <width>800</width>
                    <height>80</height>
                    <align>left</align>
                    <aligny>bottom</aligny>
                    <info>Window(10000).Property(Mirror.NEWS_3)</info>
                </control>
            </control>
            <control type="group">
                <control type="image">
                    <top>300</top>
                    <left>0</left>
                    <width>80</width>
                    <height>80</height>
                    <align>left</align>
                    <aligny>top</aligny>
                    <texture>news.png</texture>
                </control>
                <control type="label">
                    <top>300</top>
                    <left>100</left>
                    <width>800</width>
                    <height>80</height>
                    <align>left</align>
                    <aligny>bottom</aligny>
                    <info>Window(10000).Property(Mirror.NEWS_4)</info>
                </control>
            </control>
        </control>
            
            
            
            
            
            
        <control type="videowindow">
            <description>VideoWindow</description>
            <top>100</top>
            <left>1520</left>
            <width>400</width>      
            <height>200</height>
            <align>right</align>
            <aligny>center</aligny>
            <aspectratio>keep</aspectratio>
            <visible>Player.Playing</visible>
        </control>
        <control type="grouplist">
            <description>Right Side</description>
            <top>400</top>
            <left>1080</left>
            <itemgap>10</itemgap>
            <orientation>vertical</orientation>
            <control type="label">
                <description>TIME</description>
                <width>800</width>
                <height>80</height>
                <visible>true</visible>
                <align>right</align>
                <aligny>center</aligny>
                <scroll>false</scroll>
                <info>Window(10000).Property(Mirror.TIME)</info>
                <number></number>
                <angle>0</angle>
                <haspath>false</haspath>
                <font>WeatherTemp</font>
                <textcolor>FFFFFFFF</textcolor>
                <shadowcolor></shadowcolor>
                <wrapmultiline>false</wrapmultiline>
                <scrollspeed>50</scrollspeed>
                <scrollsuffix> - </scrollsuffix>
            </control>
            <control type="label">
                <description>DAY</description>
                <width>800</width>
                <height>40</height>
                <visible>true</visible>
                <align>right</align>
                <aligny>center</aligny>
                <scroll>false</scroll>
                <info>Window(10000).Property(Mirror.DAY)</info>
                <number></number>
                <angle>0</angle>
                <haspath>false</haspath>
                <font>font12</font>
                <textcolor>FFFFFFFF</textcolor>
                <shadowcolor></shadowcolor>
                <wrapmultiline>false</wrapmultiline>
                <scrollspeed>50</scrollspeed>
                <scrollsuffix> - </scrollsuffix>
            </control>
            <control type="label">
                <description>DATE</description>
                <width>800</width>
                <height>40</height>
                <visible>true</visible>
                <align>right</align>
                <aligny>center</aligny>
                <scroll>false</scroll>
                <info>Window(10000).Property(Mirror.DATE)</info>
                <number></number>
                <angle>0</angle>
                <haspath>false</haspath>
                <font>font12</font>
                <textcolor>FFFFFFFF</textcolor>
                <shadowcolor></shadowcolor>
                <wrapmultiline>false</wrapmultiline>
                <scrollspeed>50</scrollspeed>
                <scrollsuffix> - </scrollsuffix>
            </control>
        </control>
    </controls>     
</window>
