<?xml version="1.0" encoding="UTF-8" standalone="yes"?>
<addon id="screensaver.videosaver" name="Video ScreenSaver" version="1.0.9" provider-name="Lunatixz">
    <requires>
        <import addon="xbmc.python" version="3.0.0"/>
        <import addon="script.module.six" version="1.0.0"/>
        <import addon="script.module.kodi-six" version="0.1.3.1"/>
        <import addon="script.module.simplecache" version="1.0.0"/>
    </requires>
    <extension point="xbmc.ui.screensaver" library="default.py"/>
    <extension point="xbmc.addon.metadata">
        <summary lang="en_GB">Create a screensaver from any Kodi video source.</summary>
        <description lang="en_GB">Dynamic screensaver using Local content, SmartPlaylists, Plugins and UPNP Servers.</description>
        <summary lang="es_ES">Crea un protector de pantalla de cualquier fuente de vídeo en Kodi.</summary>
        <description lang="es_ES">Protector de pantalla dinámico que utiliza contenido local, listas de reproducción inteligentes, complementos y servidores UPNP.</description>
        <license>GPL-3.0-or-later</license>
        <platform>all</platform>
        <forum>https://forum.kodi.tv/showthread.php?tid=319730</forum>
        <source>https://github.com/Lunatixz/Kodi_Addons/tree/master/screensaver.videosaver</source>
        <disclaimer lang="en_GB" >Streaming sources not recommend for metered Internet.</disclaimer>
        <disclaimer lang="es_ES" >Se recomienda no usar recursos en Streaming para conexiones a Internet de uso medido.</disclaimer>	
        <news>v.1.0.9[CR]- Matrix Compatibility</news>
        <assets>
            <icon>resources/images/icon.png</icon>
            <fanart>resources/images/fanart.jpg</fanart>
        </assets>
    </extension>
</addon>
