<?xml version="1.0" encoding="UTF-8" standalone="yes"?>
<addon id="screensaver.google.earth" name="Google Earth" version="1.0.5" provider-name="Lunatixz">
    <requires>
        <import addon="xbmc.python" version="2.25.0"/>
        <import addon="script.module.simplecache" version="1.0.0"/>
    </requires>
    <extension point="xbmc.ui.screensaver" library="default.py"/>
    <extension point="xbmc.python.script"  library="default.py"/>
    <extension point="xbmc.addon.metadata">
        <summary lang="en_GB">Earth View displays a beautiful Satellite image from Google Earth...</summary>
        <description lang="en_GB">Earth View is a collection of the most beautiful and striking landscapes found in Google Earth.</description>
        <license>GNU GENERAL PUBLIC LICENSE. Version 3, June 2007</license>
        <platform>all</platform>
        <source>https://github.com/Lunatixz/KODI_Addons/tree/master/screensaver.google.earth</source>
        <forum>https://forum.kodi.tv/showthread.php?tid=321718</forum>
        <news>v.1.0.4[CR]- Parser update[CR]v.1.0.4[CR]- Core Update[CR]v.1.0.3[CR]- Leia compatibility.</news>
        <assets>
            <icon>resources/images/icon.png</icon>
            <fanart>resources/images/fanart.jpg</fanart>
            <screenshot>resources/images/screenshot01.png</screenshot>
            <screenshot>resources/images/screenshot02.png</screenshot>
            <screenshot>resources/images/screenshot03.png</screenshot>
            <screenshot>resources/images/screenshot04.png</screenshot>
        </assets>
    </extension>
</addon>
