<?xml version="1.0" encoding="UTF-8"?>
<addon id="plugin.video.bobross" version="1.0.0" name="Bob Ross - YouTube" provider-name="Lunatixz">
    <requires>
        <import addon="xbmc.python" version="2.25.0"/>
        <import addon="plugin.video.youtube" version="5.3.10"/>
    </requires>
    <extension point="xbmc.python.pluginsource" library="default.py">
        <provides>video</provides>
    </extension>
    <extension point="xbmc.addon.metadata">
        <summary lang="en_GB">The official YouTube channel of "The Joy of Painting" and Bob Ross. Happy painting!!</summary>
        <description lang="en_GB">You've see Bob Ross before. He is the soft-spoken guy painting happy clouds, mountains, and trees in about 26 television minutes, using big house painting-type brushes and encouraging audiences with his gentle reminder, "you can do it." The Joy of Painting is an American half-hour instructional television show hosted by painter Bob Ross which ran from January 11, 1983, until May 17, 1994. In each episode, Ross taught techniques for landscape oil painting, completing a painting in each session.</description>
        <platform>all</platform>
        <license>GNU GENERAL PUBLIC LICENSE. Version 3, June 2007</license>
        <source>https://github.com/Lunatixz/Kodi_Addons/tree/master/plugin.video.bobross</source>
        <assets>
            <icon>icon.png</icon>
            <fanart>fanart.jpg</fanart>
        </assets>
    </extension>
</addon>