<?xml version="1.0" encoding="UTF-8"?>
<addon id="plugin.video.transpondertv" version="1.0.3" name="Transponder.TV" provider-name="Lunatixz">
    <requires>
        <import addon="xbmc.python" version="2.25.0"/>
        <import addon="script.module.simplecache" version="1.0.0"/>
        <import addon="script.module.requests" version="2.7.0"/>
        <import addon="script.module.mechanize" version="0.2.6"/>
        <import addon="script.module.pytz" version="2014.2"/>
        <import addon="script.module.beautifulsoup4" version="4.3.2"/>
        <import addon="script.module.uepg" version="1.0.3"/>
    </requires>
    <extension point="xbmc.python.pluginsource" library="default.py">
        <provides>video</provides>
    </extension>
    <extension point="xbmc.service" library="pseudotv_recommended.py" start="startup"/>
    <extension point="xbmc.addon.metadata">
        <platform>all</platform>
        <license>GNU GENERAL PUBLIC LICENSE. Version 3, June 2007</license>
        <source>https://github.com/Lunatixz/KODI_ADDONS/tree/master/plugin.video.transponder.tv</source>
        <website>https://www.transponder.tv</website>
        <news>v.1.0.2[CR]-Optimized Code.[CR]-Increased Guide Data (default: 1-day, max: 3-days).[CR]-Auto Hide Recordings and Schedules when not in use.[CR]-Improved recording.</news>
        <forum>https://forum.kodi.tv/showthread.php?tid=335116</forum>
        <assets>
            <icon>resources/images/icon.png</icon>
            <fanart>resources/images/fanart.jpg</fanart>
            <screenshot>resources/images/screenshot01.png</screenshot>
            <screenshot>resources/images/screenshot02.png</screenshot>
            <screenshot>resources/images/screenshot03.png</screenshot>
            <screenshot>resources/images/screenshot04.png</screenshot>
            <screenshot>resources/images/screenshot05.png</screenshot>
        </assets>
        <description lang="da_DK">Transponder.tv tager tingene til det næste niveau ved at give hver bruger sit eget fjernsyn til kontrol og visning, uanset hvor de er. Med størstedelen af UK Free to Air-kanaler tilgængelige og en optagefunktion, der snart lanceres, vil du kunne se dit eget tv, uanset hvor du er, og når du vil. Hvem vil ikke have gratis tv?</description>
        <description lang="en_GB">Transponder.tv takes things to the next level in providing each user with their own remote tv set for controlling and viewing wherever they are. With the majority of UK Free to Air channels available and a soon to be launched recording feature, you will be able to watch your own tv wherever you are and whenever you want and who doesn&apos;t want free TV?</description>
        <description lang="it_IT">Transponder.tv porta le cose al livello successivo fornendo a ciascun utente il proprio televisore remoto per il controllo e la visualizzazione ovunque si trovi. Con la maggior parte dei canali in chiaro del Regno Unito disponibili e una funzione di registrazione che verrà lanciata presto, sarai in grado di guardare la tua TV ovunque tu sia e quando vuoi e chi non vuole la TV gratuita?</description>
    </extension>
</addon>
