<?xml version="1.0" encoding="UTF-8" standalone="yes"?>
<addon id="service.ontime" version="0.0.1b" name="OnTime" provider-name="Lunatixz">
    <requires>
        <import addon="xbmc.python" version="2.25.0"/>
        <import addon="script.module.schedule" version="0.5.0"/>
    </requires>
    <extension point="xbmc.python.script" library="config.py"/>
    <!-- <extension point="xbmc.python.pluginsource" library="default.py"> -->
        <!-- <provides>video</provides> -->
    <!-- </extension> -->
    <extension point="xbmc.service" library="service.py" start="startup"/>
    <extension point="xbmc.addon.metadata">
        <summary lang="en_GB">Schedule Shows and Watch "OnTime".</summary>
        <description lang="en_GB">Let "OnTime" manage your viewing habits using schedule playback.</description>
        <license>GNU GENERAL PUBLIC LICENSE. Version 3, June 2007</license>
        <platform>all</platform>
        <source>https://github.com/Lunatixz/XBMC_Addons/tree/master/service.ontime</source>
        <forum>https://forum.kodi.tv/showthread.php?tid=334619</forum>
        <news></news>
        <assets>
            <icon>icon.png</icon>
            <fanart>fanart.jpg</fanart>
        </assets>
    </extension>
</addon>