<?xml version="1.0" encoding="UTF-8" standalone="yes"?>
<addon id="service.onidle" version="0.0.6" name="OnIdle" provider-name="Lunatixz">
    <requires>
        <import addon="xbmc.python" version="2.26.0"/>
    </requires>
    <extension point="xbmc.service" library="service.py"/>
    <extension point="xbmc.python.script" library="settings.py"/>
    <extension point="xbmc.addon.metadata">
        <summary lang="en_GB">Idle Sleep Timer</summary>
        <description lang="en_GB">Trigger Kodi actions when idle while playing.</description>
        <license>GPL-3.0-or-later</license>
        <platform>all</platform>
        <source>https://github.com/Lunatixz/XBMC_Addons/tree/master/service.onidle</source>
        <forum>https://forum.kodi.tv/showthread.php?tid=352082</forum>
        <news>v.0.0.4[CR]- Added Test Button</news>
        <assets>
            <icon>icon.png</icon>
            <fanart>fanart.jpg</fanart>
        </assets>
    </extension>
</addon>