<?xml version="1.0" encoding="UTF-8" standalone="yes"?>
<addon id="script.enableit" version="0.0.4" name="Enable it!" provider-name="Lunatixz">
    <requires>
        <import addon="xbmc.python" version="2.25.0"/>
        <import addon="script.module.simplejson" version="3.3.0"/>
    </requires>
    <extension point="xbmc.python.script" library="default.py"/>
    <extension point="xbmc.addon.metadata">
        <summary lang="en">Enable, disabled plugins...</summary>
        <description lang="en">Kodi Krypton 17.x disables all plugins manually installed, This plugin enables all plugins within user parameters.</description>
        <disclaimer lang="en">This software is a BETA release, bugs maybe common until final release.</disclaimer>
        <platform>all</platform>
        <license>GNU GENERAL PUBLIC LICENSE. Version 3, June 2007</license>
        <source>https://github.com/Lunatixz/Kodi_Addons/tree/master/script.enableit</source>
        <news>Added Type/Asset options to settings... Added ability to disable plug-ins.</news>
        <assets>
            <icon>icon.png</icon>
            <fanart>fanart.jpg</fanart>
        </assets>
    </extension>
</addon>