<?xml version="1.0" encoding="UTF-8" standalone="yes"?>
<addon id="screensaver.unsplash" name="Unsplash Photo Screensaver" version="1.0.8" provider-name="Lunatixz">
    <requires>
        <import addon="xbmc.python" version="3.0.0"/>
        <import addon="script.module.six" version="1.0.0"/>
        <import addon="script.module.kodi-six" version="0.1.3.1"/>
        <import addon="script.module.requests" version="2.7.0"/> 
    </requires>
    <extension point="xbmc.ui.screensaver" library="default.py"/>
    <extension point="xbmc.addon.metadata">
        <license>GPL-3.0-or-later</license>
        <platform>all</platform>
        <website>https://unsplash.com/</website>
        <forum>https://forum.kodi.tv/showthread.php?tid=320095</forum>
        <source>https://github.com/Lunatixz/KODI_Addons/tree/master/screensaver.unsplash</source>
        <news>v.1.0.7[CR]- Matrix compatibility.</news>
        <assets>
            <icon>resources/images/icon.png</icon>
            <fanart>resources/images/fanart.jpg</fanart>
            <screenshot>resources/images/screenshot01.jpg</screenshot>
            <screenshot>resources/images/screenshot02.jpg</screenshot>
            <screenshot>resources/images/screenshot03.jpg</screenshot>
            <screenshot>resources/images/screenshot04.jpg</screenshot>
        </assets>
        <summary lang="da_DK">Smukke, gratis billeder. Begavet af verdens mest generøse fællesskab af fotografer.</summary>
        <summary lang="en_GB">Beautiful, free photos. Gifted by the world&apos;s most generous community of photographers.</summary>
        <summary lang="fi_FI">Upeita, ilmaisia valokuvia, jotka ovat maailman avokätisimmän valokuvausyhteisön lahjoittamia.</summary>
        <summary lang="it_IT">Belle foto gratuite. Regalato dalla comunità di fotografi più generosa del mondo.</summary>
        <summary lang="nl_NL">Mooie, vrij verkrijgbare foto&apos;s. Geschonken door de meeste gulle gemeenschap van fotografen.</summary>
        <summary lang="zh_CN">美丽，免费的照片。世界上最慷慨的摄影师社区。</summary>
        <description lang="da_DK">Smukke, gratis billeder. Begavet af verdens mest generøse fællesskab af fotografer.</description>
        <description lang="en_GB">Beautiful, free photos. Gifted by the world&apos;s most generous community of photographers.</description>
        <description lang="fi_FI">Upeita, ilmaisia valokuvia, jotka ovat maailman avokätisimmän valokuvausyhteisön lahjoittamia.</description>
        <description lang="it_IT">Belle foto gratuite. Regalato dalla comunità di fotografi più generosa del mondo.</description>
        <description lang="nl_NL">Mooie, vrij verkrijgbare foto&apos;s. Geschonken door de meeste gulle gemeenschap van fotografen.</description>
        <description lang="zh_CN">美丽，免费的照片。世界上最慷慨的摄影师社区。</description>
    </extension>
</addon>
