<?xml version="1.0" encoding="UTF-8"?>
<addon id="plugin.video.olympicchannel" version="1.0.0" name="Olympic Channel" provider-name="Lunatixz">
    <requires>
        <import addon="xbmc.python" version="2.25.0"/>
        <import addon="script.module.simplecache" version="1.0.0"/>
        <import addon="script.module.beautifulsoup4" version="4.3.2"/>
        <import addon="script.module.youtube.dl" version="17.0.0"/>
    </requires>
    <extension point="xbmc.python.pluginsource" library="default.py">
        <provides>video</provides>
    </extension>
    <extension point="xbmc.addon.metadata">
        <summary lang="en_GB">Follow the sports, stories behind the Olympic Games.</summary>
        <description lang="en_GB">The Olympic Channel represents a ground-breaking transformation in the way the world will engage with the Olympic Movement - anytime, anywhere, on Kodi.</description>
        <platform>all</platform>
        <license>GNU GENERAL PUBLIC LICENSE. Version 3, June 2007</license>
        <source>https://github.com/Lunatixz/KODI_Addons/tree/master/plugin.video.olympicchannel</source>
        <website>www.olympicchannel.com</website>
        <forum>https://forum.kodi.tv/showthread.php?tid=318070</forum>
        <news></news>
        <assets>
            <icon>resources/images/icon.png</icon>
            <fanart>resources/images/fanart.jpg</fanart>
            <screenshot>resources/images/screenshot01.png</screenshot>
            <screenshot>resources/images/screenshot02.png</screenshot>
            <screenshot>resources/images/screenshot03.png</screenshot>
        </assets>
    </extension>
</addon>