<?xml version="1.0" encoding="UTF-8" standalone="yes"?>
<addon id="service.tvthemes" version="0.0.2" name="TV Themes" provider-name="Lunatixz">
    <requires>
        <import addon="xbmc.python" version="2.25.0"/>
        <import addon="script.module.simplecache" version="1.0.0"/>
        <import addon="script.module.pydub" version="0.23.1"/>
    </requires>
    <extension point="xbmc.service" library="service.py" start="startup"/>
    <extension point="xbmc.addon.metadata">
        <summary lang="en_GB"></summary>
        <description lang="en_GB"></description>
        <license>GNU GENERAL PUBLIC LICENSE. Version 3, June 2007</license>
        <platform>all</platform>
        <source>https://github.com/Lunatixz/XBMC_Addons/tree/master/service.tvthemes</source>
        <forum>https://forum.kodi.tv/showthread.php?tid=348533</forum>
        <disclaimer lang="en_GB"></disclaimer>
        <news></news>
        <assets>
            <icon>resources/images/icon.png</icon>
            <fanart>resources/images/fanart.jpg</fanart>
        </assets>
    </extension>
</addon>