<?xml version="1.0" encoding="UTF-8" standalone="yes"?>
<addon id="service.kodi.powertoys" version="1.0.5" name="Kodi PowerToys" provider-name="Lunatixz">
    <requires>
        <import addon="xbmc.python" version="3.0.0"/>
        <import addon="script.module.kodi-six" version="0.1.3.1"/>
        <import addon="script.module.simplecache" version="1.0.0"/>
    </requires>
    <extension point="xbmc.service" library="service.py"/>
    <extension point="xbmc.python.script" library="settings.py"/>
    <extension point="xbmc.addon.metadata">
        <license>GPL-3.0-or-later</license>
        <platform>all</platform>
        <source>https://github.com/Lunatixz/Kodi_Addons/tree/master/service.kodi.powertoys</source>
        <forum>https://forum.kodi.tv/showthread.php</forum>
        <assets>
            <icon>resources/images/icon.jpg</icon>
        </assets>
        <summary lang="en_GB"></summary>
    </extension>
</addon>