<?xml version="1.0" encoding="UTF-8" standalone="yes"?>
<addon id="script.module.pySSD" version="1.0.0" name="pySSD" provider-name="Lunatixz, vuolter">
    <requires>
        <import addon="xbmc.python" version="3.0.0" />
    </requires>
    <extension library="lib" point="xbmc.python.module" />
    <extension point="xbmc.addon.metadata">
        <summary lang="en_US">Module for Kodi.</summary>
        <description lang="en_US">packed for kodi from pySSD</description>
        <website>https://pypi.org/project/ssd/</website>
        <license>MIT</license>
        <platform>all</platform>
        <source>https://github.com/Lunatixz/KODI_Addons/tree/master/script.module.pySSD</source>
    </extension>
</addon>
