<?xml version="1.0" encoding="UTF-8" standalone="yes"?>
<addon id="screensaver.instagram" name="Instagram Screensaver" version="1.0.1" provider-name="Lunatixz">
    <requires>
        <import addon="xbmc.python" version="2.25.0"/>
        <import addon="script.module.requests" version="2.9.1"/>
    </requires>
    <extension point="xbmc.ui.screensaver" library="screensaver.py" />
    <extension point="xbmc.python.script" library="screensaver.py" />
    <extension point="xbmc.service" library="service.py" start="startup"/>
    <extension point="xbmc.addon.metadata">
        <disclaimer lang="en_GB">Requires Instagram Account.</disclaimer>
        <summary lang="en_GB">Follow multiple Instagram accounts as a screensaver.</summary>
        <description lang="en_GB">Display Instagram images as a screensaver.</description>
        <license>GNU GENERAL PUBLIC LICENSE. Version 3, June 2007</license>
        <platform>all</platform>
        <website>https://www.instagram.com/</website>
        <source>https://github.com/Lunatixz/KODI_Addons/tree/master/screensaver.instagram</source>
        <forum>https://forum.kodi.tv/showthread.php?tid=329203</forum>
        <news>v.1.0.1[CR]-Improved Service</news>
        <assets>
            <icon>resources/images/icon.png</icon>
            <fanart>resources/images/fanart.jpg</fanart>
            <screenshot>resources/images/screenshot01.png</screenshot>
            <screenshot>resources/images/screenshot02.png</screenshot>
            <screenshot>resources/images/screenshot03.png</screenshot>
        </assets>
    </extension>
</addon>
