<?xml version="1.0" encoding="UTF-8" standalone="yes"?>
<addon id="script.module.pyhdhr" version="1.1.5" name="pyHDHR" provider-name="Lunatixz">
    <requires>
        <import addon="xbmc.python" version="3.0.0" />
        <import addon="script.module.six" version="1.0.0"/>
        <import addon="script.module.kodi-six" version="0.1.3.1"/>
    </requires>
    <extension library="lib" point="xbmc.python.module" />
    <extension point="xbmc.addon.metadata">
        <summary lang="en_GB">A Python interface for the HDHomeRun JSON API</summary>
        <description lang="en_GB">A Python interface for the HDHomeRun JSON API</description>
        <license>MIT</license>
        <platform>all</platform>
        <news>v.1.1.0[CR]- Matrix</news>
        <source>https://github.com/Lunatixz/KODI_Addons/tree/master/script.module.pyhdhr</source>
        <assets>
            <icon>icon.png</icon>
        </assets>
    </extension>
</addon>
