<?xml version="1.0" encoding="UTF-8"?>
<addon id="plugin.video.tvcatchups" version="1.0.2a" name="TVCatchup" provider-name="Lunatixz">
    <requires>
        <import addon="xbmc.python" version="2.25.0"/>
        <import addon="script.module.simplecache" version="1.0.0"/>
        <import addon="script.module.pytz" version="2014.2"/>
        <import addon="script.module.beautifulsoup4" version="4.3.2"/>
        <import addon="script.module.uepg" version="1.0.3"/>
    </requires>
    <extension point="xbmc.python.pluginsource" library="default.py">
        <provides>video</provides>
    </extension>
    <extension point="xbmc.addon.metadata">
        <description lang="en_GB">TVCatchup is an Internet television service for viewing free-to-air UK channels. It operates as a cable service and retransmits BBC, Channel 4, Channel 5, and ITV, amongst others, only in the UK.</description>
        <platform>all</platform>
        <license>GNU GENERAL PUBLIC LICENSE. Version 3, June 2007</license>
        <source>https://github.com/Lunatixz/KODI_ADDONS/tree/master/plugin.video.tvcatchups</source>
        <website>https://www.tvcatchup.com</website>
        <news>v1.0.1[CR]- Added EPG[CR] - Improved interface[CR]</news>
        <forum>https://forum.kodi.tv/showthread.php?tid=330887</forum>
        <assets>
            <icon>resources/images/icon.png</icon>
            <fanart>resources/images/fanart.jpg</fanart>
            <screenshot>resources/images/screenshot01.png</screenshot>
            <screenshot>resources/images/screenshot02.png</screenshot>
            <screenshot>resources/images/screenshot03.png</screenshot>
        </assets>
    </extension>
</addon>
